Name,Industry,myOpinion,Price,Change,Change%,Volume,PE,PB,"Market cap",Revenue,Profit,NetMargin,ROE,1M,3M,1Y,3Y,5Y,10Y
"8K Miles Software Services",IT,YES,526.05," -6.80 "," -1.28% ","12,769",15.39,4.73,"1,603.24",534.38,125.60,23.50,35.00,-5.53,-9.47,-23.17,100.92,127.67,-
"Aarti Industries",Chemicals,Explore,919.75," 5.20 "," 0.57% ","18,534",23.91,5.54,"7,549.33","2,997.70",306.68,10.22,25.18,-1.00,7.67,64.62,59.72,65.58,40.62
"Aban Offshore",General,,176.95," -2.80 "," -1.56% ","767,789",-,0.43,"1,033.65","1,710.31","-1,075.14",-62.24,0.88,-5.73,-20.56,-17.22,-39.35,-14.59,-24.55
ABB,Engineering,,"1,426.20"," 16.35 "," 1.16% ","59,896",77.21,9.00,"30,193.76","9,226.87",391.08,4.19,11.96,-1.75,0.36,17.95,11.10,12.81,2.63
"Abbott India",Pharma,Explore,"4,367.65"," -6.70 "," -0.15% ","1,966",33.70,6.72,"9,322.81","2,938.69",276.65,9.23,21.42,3.65,5.37,-6.01,28.13,23.80,23.46
ACC,Cement,,"1,813.35"," 2.75 "," 0.15% ","572,886",50.37,3.69,"34,028.93","12,845.73",667.14,5.15,6.98,14.72,11.66,8.83,9.67,6.73,6.08
"Adani Ports and Special Economic Zone",Engineering,YES,406.65," -0.70 "," -0.17% ","2,770,532",21.54,4.81,"84,267.03","8,476.87","3,902.59",39.62,25.09,9.40,19.80,78.43,15.26,27.29,-
"Adani Power",Utilities,,32.90," 0.40 "," 1.23% ","4,498,049",-,4.22,"12,670.04","23,529.17","-5,428.75",-22.67,-117.97,14.04,7.34,25.10,-16.33,-5.14,-
"Adani Transmission",Utilities,,123.80," -0.60 "," -0.48% ","320,231",32.71,4.62,"13,621.15","2,879.45",416.43,14.35,14.82,-2.90,63.97,228.38,-,-,-
"ADF Foods","Consumer Goods",Explore,230.75," 1.70 "," 0.74% ","104,220",45.14,3.00,489.44,202.02,10.83,5.21,6.75,-11.84,-3.47,109.39,60.61,37.29,14.84
"Aditya Birla Fashion and Retail",General,,171.80," -2.20 "," -1.26% ","150,364",244.46,14.18,"13,279.19","6,971.26",54.32,0.77,5.76,0.56,2.66,19.14,15.36,-,-
"Aegis Logistics",Services,Explore,185.25," -2.05 "," -1.09% ","188,355",51.28,10.24,"6,167.31","3,932.81",134.00,3.40,24.22,-2.22,-4.97,51.17,73.09,73.93,36.10
"Ahluwalia Contracts",Engineering,YES,280.15," 1.80 "," 0.65% ","255,318",21.86,3.70,"1,880.01","1,426.52",86.00,5.99,22.27,-15.94,-22.38,-1.47,24.58,42.63,10.64
"AIA Engineering",Engineering,YES,"1,437.65"," 25.75 "," 1.82% ","7,608",29.54,4.97,"13,493.00","2,288.17",457.21,19.15,18.14,3.76,-6.42,36.78,23.13,35.81,17.68
"Ajanta Pharma",Pharma,YES,"1,340.55"," 2.50 "," 0.19% ","134,048",23.20,7.50,"11,757.60","1,996.76",506.83,24.96,36.75,-12.28,-18.35,-25.95,24.40,67.46,58.19
"Akzo Nobel India",Pharma,Explore,"1,796.00"," 41.25 "," 2.35% ","7,283",33.91,8.31,"8,376.23","2,903.10",247.06,8.37,22.77,-3.11,-10.31,10.75,20.72,15.39,13.26
"Alembic Pharmaceuticals",Pharma,,531.80," 1.30 "," 0.25% ","29,472",27.32,5.09,"10,002.65","3,032.53",366.64,12.08,23.26,3.85,-11.00,-16.11,14.23,52.49,-
"Alkem Laboratories",Pharma,YES,"1,828.80"," 23.70 "," 1.31% ","26,393",24.46,4.88,"21,821.21","5,829.52",904.67,15.23,21.03,-0.40,-6.82,22.46,-,-,-
"Allcargo Logistics",Services,YES,171.65," 1.85 "," 1.09% ","103,893",18.17,2.35,"4,211.22","5,583.36",234.03,4.16,13.26,-0.49,-5.14,-9.61,10.76,20.06,6.23
"Amara Raja Batteries",Auto,YES,805.80," -11.85 "," -1.45% ","487,344",28.76,5.31,"13,761.51","5,506.64",478.49,8.61,20.32,-5.91,-8.58,-8.16,18.34,39.40,35.34
"Ambuja Cements",Cement,,277.45," 5.35 "," 1.97% ","4,142,004",43.45,2.70,"55,121.51","23,204.51","1,599.57",6.79,9.52,11.38,13.76,4.94,10.71,8.72,7.95
"Anant Raj","Real Estate",,59.95," 0.45 "," 0.76% ","709,279",23.03,0.42,"1,775.00",429.32,60.24,13.40,1.55,0.08,-5.13,4.61,-1.24,4.70,-13.52
"APL Apollo Tubes",Auto,YES,"1,568.45"," -2.45 "," -0.16% ","3,494",25.50,5.16,"3,719.90","4,668.40",145.90,3.12,19.14,-1.82,6.43,69.51,67.88,59.36,27.22
"Apollo Hospitals",Services,,"1,258.10"," -9.45 "," -0.75% ","94,519",425.18,5.08,"17,538.81","6,441.78",285.15,4.41,9.55,-1.14,1.17,-7.39,8.74,15.09,17.22
"Apollo Tyres",Auto,YES,262.25," -8.60 "," -3.18% ","10,772,073",15.31,1.81,"13,354.26","13,669.54",872.54,6.32,15.83,4.40,8.01,62.84,13.90,26.98,21.04
Arvind,Manufacturing,YES,364.70," 1.20 "," 0.33% ","1,182,507",31.39,2.58,"9,424.24","9,606.44",302.26,3.12,10.13,-0.75,-12.92,19.91,16.12,38.34,23.27
"Ashok Leyland",Auto,YES,109.20," 0.30 "," 0.28% ","8,732,032",29.89,5.12,"31,913.86","20,624.92","1,067.69",5.14,28.24,9.91,31.17,26.54,45.93,36.80,19.65
"Ashoka Buildcon",Engineering,YES,179.35," -0.30 "," -0.17% ","22,358",18.20,1.80,"3,352.77","2,045.07",184.23,8.70,-2.54,-4.75,-15.42,15.34,11.07,20.51,-
"Asian Paints",Chemicals,Explore,"1,157.30"," 11.20 "," 0.98% ","529,318",60.58,13.82,"110,960.00","16,344.84","1,858.34",11.17,27.84,4.40,2.18,2.66,22.46,25.20,29.11
"Astra Microwave Products",General,,132.40," 1.20 "," 0.91% ","138,801",18.16,2.50,"1,147.17",428.99,63.17,14.51,12.66,-6.82,-0.86,10.05,-1.24,26.34,2.17
"Astral Poly Technik",Chemicals,Explore,614.75," -7.05 "," -1.13% ","58,907",50.89,8.71,"7,362.05","1,962.82",147.19,7.45,18.96,-10.05,13.21,27.94,20.43,67.34,48.72
Atul,Chemicals,YES,"2,101.50"," -18.10 "," -0.85% ","34,974",26.13,3.20,"6,250.02","2,787.74",239.19,8.45,17.80,-13.16,-11.16,10.50,21.40,50.57,38.93
"Atul Auto",Auto,,434.65," -7.50 "," -1.70% ","60,282",25.30,5.23,944.22,475.31,37.31,7.81,34.45,4.39,1.00,1.88,9.75,53.12,35.35
"Aurobindo Pharma",Pharma,YES,725.30," -16.00 "," -2.16% ","1,828,990",18.46,4.53,"42,488.19","15,049.16","2,296.15",15.14,32.39,7.01,22.57,-3.42,26.40,66.34,27.60
"Avenue Supermarts",General,,911.35," 13.25 "," 1.48% ","649,179",118.55,14.77,"56,754.24",-,-,-,23.63,8.99,17.86,-,-,-,-
"Axis Bank",Bank/Finance,YES,508.10," 2.10 "," 0.42% ","4,972,811",35.54,2.13,"121,886.98","44,480.75","18,192.34",3.63,0.69,-0.06,-2.07,-7.20,9.13,19.51,15.11
"Bajaj Auto",Auto,YES,"2,874.65"," 40.40 "," 1.43% ","257,208",21.45,4.46,"83,155.40","22,188.43","3,636.51",15.50,24.00,3.79,-2.31,4.76,11.23,12.27,-
"Bajaj Corp Ltd.","Consumer Goods",YES,408.20," -11.00 "," -2.62% ","49,166",26.87,10.80,"6,012.84",785.66,223.74,27.03,44.76,4.91,7.31,4.45,21.15,20.85,-
"Bajaj Electricals","Consumer Goods",,325.90," -2.35 "," -0.72% ","77,798",31.31,3.75,"3,296.35","4,353.50",105.29,2.40,13.51,-0.08,-7.35,21.11,5.85,12.48,18.43
"Bajaj Finance",Bank/Finance,YES,"1,723.45"," 21.70 "," 1.28% ","710,636",47.03,9.29,"94,746.06","10,864.47","2,014.60",18.43,21.70,24.93,32.93,72.87,98.66,75.93,47.14
"Bajaj Finserv",Bank/Finance,YES,"5,308.15"," 193.10 "," 3.78% ","268,186",35.48,4.92,"84,421.80","19,917.65","3,649.12",18.32,23.21,28.44,16.16,98.91,77.31,48.55,-
"Balaji Telefilms",General,YES,167.55," -1.10 "," -0.65% ","349,024",-,2.52,"1,270.70",421.18,-29.74,-6.78,0.60,11.59,64.18,78.06,34.57,31.72,-3.79
"Balkrishna Inds.",Auto,YES,"1,590.40"," -3.70 "," -0.23% ","85,156",21.37,4.15,"15,369.68","3,830.38",719.22,17.33,22.75,-4.21,5.76,123.60,28.96,40.57,29.34
"Balmer Lawrie  and  Co.",Services,YES,246.55," -2.35 "," -0.94% ","111,187",16.55,2.25,"2,815.29","1,738.38",170.42,9.41,16.18,11.97,5.52,59.17,21.15,24.12,15.16
"Balrampur Chini Mills",General,YES,173.70," -1.70 "," -0.97% ","2,138,724",6.79,2.46,"4,084.69","3,848.85",601.59,15.52,42.42,14.01,9.52,35.86,33.29,23.52,10.36
"Banco Products (I)",Auto,YES,215.95," 1.20 "," 0.56% ","118,284",20.12,2.04,"1,546.59","1,310.53",76.85,5.75,13.76,0.44,-8.66,3.17,18.48,29.30,22.31
"Bank of Baroda",Bank/Finance,,158.95," 0.75 "," 0.47% ","7,121,754",20.18,0.93,"36,624.62","42,199.93","13,513.41",2.50,0.25,-0.25,-18.80,2.05,-4.01,4.09,10.36
"BASF India",Chemicals,Explore,"1,432.85"," -18.20 "," -1.25% ","18,298",-,6.03,"6,219.93","5,457.98",-23.38,-0.43,0.42,-17.75,4.18,29.51,19.65,18.59,17.93
"Bata India",General,,631.35," 9.85 "," 1.58% ","2,409,790",48.00,5.84,"8,096.59","2,565.68",168.68,6.43,12.49,9.64,7.96,19.29,0.44,6.58,23.16
"Bayer CropScience",Chemicals,Explore,"4,567.45"," -3.10 "," -0.07% ","98,203",55.52,7.86,"16,156.96","2,825.50",291.00,10.05,14.94,-1.23,-1.65,13.38,29.34,37.79,34.22
BEML,Engineering,,"1,727.65"," 39.85 "," 2.36% ","553,746",85.00,3.42,"7,204.91","2,784.22",84.44,2.97,2.54,14.09,25.09,74.31,39.19,40.14,3.54
"Berger Paints India",Chemicals,Explore,241.35," -5.65 "," -2.29% ","794,136",53.70,11.59,"23,488.17","4,469.18",437.39,9.68,26.78,-1.25,-5.04,1.22,30.50,36.27,29.89
"BF Utilities",Utilities,YES,368.15," 5.00 "," 1.38% ","216,425",188.47,16.34,"1,384.85",21.25,7.35,34.27,0.00,-6.92,-20.69,-29.59,-18.13,-2.13,-16.53
"BGR Energy Systems",Utilities,,142.85," -0.80 "," -0.56% ","56,350",13.34,0.83,"1,030.11","3,407.83",44.15,1.30,2.03,-7.18,-14.31,19.04,-7.74,-12.75,-
"Bharat Bijlee",Engineering,YES,"1,280.00"," -4.90 "," -0.38% ","4,927",36.79,2.47,721.39,662.58,19.61,2.84,6.94,-5.84,26.32,64.35,26.88,16.44,-5.79
"Bharat Electronics",Manufacturing,YES,178.95," -1.65 "," -0.91% ","2,680,346",24.41,5.23,"39,948.44","10,015.79","1,636.85",15.70,15.86,9.52,-1.54,45.38,44.82,33.34,12.37
"Bharat Financial Inclusion",Bank/Finance,YES,840.45," 18.45 "," 2.24% ","1,834,609",692.98,4.88,"11,591.55","1,595.30",16.73,0.94,15.36,16.90,7.54,6.41,44.31,56.36,-
"Bharat Forge",Manufacturing,Explore,"1,155.45"," -7.00 "," -0.60% ","519,409",38.17,6.53,"26,894.73","3,922.19",648.07,16.11,18.53,5.19,3.50,59.49,15.50,31.51,15.30
"Bharti Airtel",General,,420.90," -3.30 "," -0.78% ","2,707,432",62.20,2.48,"168,270.56","91,928.10","2,299.30",2.50,4.80,10.97,21.65,14.92,3.75,7.25,-0.36
"Bharti Infratel",Services,YES,406.55," 2.60 "," 0.64% ","2,078,958",28.30,4.66,"75,140.33","6,225.00","1,416.00",20.98,9.20,1.25,11.89,3.54,14.99,-,-
BHEL,Engineering,,137.25," -1.40 "," -1.01% ","3,390,129",73.65,1.04,"33,678.98","28,769.92",495.86,1.68,-2.66,2.50,-21.41,2.50,-15.67,-9.42,-8.79
Biocon,Pharma,Explore,357.00," -17.85 "," -4.76% ","9,593,344",40.70,4.36,"21,441.00","3,848.20",588.40,14.60,15.15,7.00,1.48,29.87,32.78,34.31,16.86
"Birla Corporation",Cement,YES,957.45," 7.60 "," 0.80% ","90,775",33.44,2.22,"7,338.99","3,478.22",214.00,5.91,7.05,8.95,24.43,73.53,32.86,33.46,13.31
"Bliss GVS Pharma",Pharma,YES,175.95," 2.55 "," 1.47% ","336,154",21.11,3.74,"1,807.65",799.74,116.34,14.10,26.73,18.05,3.67,44.48,54.79,37.92,31.96
"Blue Star","Consumer Goods",,676.40," -1.10 "," -0.16% ","36,975",52.72,8.57,"6,486.94","4,399.56",121.95,2.75,20.08,9.47,-0.74,39.61,31.29,28.81,8.41
"Bombay Burmah","Consumer Goods",Explore,882.00," 7.95 "," 0.91% ","78,308",-,18.88,"6,144.11",254.63,-1.25,-0.41,40.39,-0.32,-2.16,120.37,62.88,51.06,25.60
"Bombay Dyeing  and  Mfg. Co.",Manufacturing,,81.50," 2.10 "," 2.64% ","1,273,363",29.30,6.13,"1,682.23","1,710.29",41.73,2.34,19.06,-1.93,-4.90,86.07,4.19,-4.01,-3.42
Bosch,Auto,Explore,"24,560.20"," -289.35 "," -1.16% ","21,218",43.19,8.55,"75,165.41","10,583.25","1,741.12",12.90,19.01,4.46,5.86,-1.59,21.94,22.56,18.75
BPCL,"Oil and Gas",YES,517.90," 27.90 "," 5.69% ","5,406,360",12.85,3.54,"112,052.75","211,197.31","8,039.30",3.76,33.64,18.21,6.20,36.46,37.25,34.46,25.97
"Britannia Inds.","Consumer Goods",Explore,"3,917.40"," 43.45 "," 1.12% ","96,920",53.12,17.37,"46,983.95","9,125.83",884.33,9.53,37.00,4.52,9.06,35.98,51.98,52.55,28.19
BSE,General,,"1,071.40"," 1.80 "," 0.17% ","82,920",26.07,2.16,"5,751.08",-,-,-,5.43,0.46,7.02,-,-,-,-
"Cadila Healthcare",Pharma,YES,532.90," -13.35 "," -2.44% ","859,002",36.58,7.82,"54,422.16","9,476.20","1,356.20",14.12,23.43,3.71,16.40,44.52,34.51,24.28,27.06
"Can Fin Homes",Bank/Finance,Explore,"2,979.00"," -12.90 "," -0.43% ","126,778",30.95,6.92,"7,946.14","1,412.32",256.75,-,24.08,-6.95,4.85,116.43,103.45,98.05,50.04
"Capital First",Bank/Finance,YES,778.05," 13.95 "," 1.83% ","608,044",29.62,3.38,"7,604.02","2,982.30",256.72,8.57,12.61,14.08,2.14,14.01,47.32,39.69,-
"Caplin Point Laboratories",Pharma,YES,733.25," 1.45 "," 0.20% ","141,591",57.67,25.15,"5,545.44",404.44,95.94,23.31,43.13,24.34,88.75,199.91,115.88,160.37,75.90
"Castrol India","Oil and Gas",,396.10," 4.35 "," 1.11% ","787,623",28.69,25.24,"19,554.95","3,526.80",681.50,18.86,115.24,-1.19,-8.75,-6.72,6.28,5.53,19.83
"CCL Products (I)","Consumer Goods",Explore,280.15," -6.10 "," -2.13% ","49,617",30.66,5.60,"3,712.14",972.67,121.08,12.41,23.44,-6.61,-17.65,7.72,55.83,61.88,29.52
Ceat,Auto,YES,"1,740.35"," -163.30 "," -8.58% ","2,772,478",27.11,2.91,"7,014.45","6,095.29",235.50,3.85,14.80,-6.61,7.02,102.59,48.78,76.86,26.17
"Century Plyboards (India)",General,Explore,260.75," -13.85 "," -5.04% ","456,201",32.91,7.83,"5,813.16","1,887.43",176.62,9.26,36.57,-10.44,2.09,22.87,45.85,39.10,21.75
"Century Textiles  and  Inds.",Manufacturing,,"1,222.45"," 44.15 "," 3.75% ","1,031,269",130.10,5.50,"13,658.71","8,060.77",92.75,1.14,4.33,9.05,5.48,79.79,27.14,31.99,5.42
"Cera Sanitaryware",General,Explore,"2,821.90"," -53.80 "," -1.87% ","3,559",37.12,7.08,"3,683.00","1,023.61",101.32,9.80,20.69,-5.57,-6.39,18.95,29.08,56.81,44.72
CESC,Utilities,YES,967.55," 5.35 "," 0.56% ","738,054",18.55,1.21,"12,815.61","7,120.00",863.00,11.88,7.21,10.91,1.73,58.63,12.39,26.20,7.63
"CG Power  and  Industrial Solutions",Utilities,,81.25," -0.40 "," -0.49% ","603,374",-,1.24,"5,079.78","5,873.07",-493.58,1.23,-8.93,-1.46,4.64,2.91,-26.33,-7.00,-6.88
"Chambal Fertilisers  and  Chem.",Chemicals,YES,140.55," 2.15 "," 1.55% ","1,795,170",16.09,2.74,"5,826.91","7,649.46",425.10,5.83,6.50,9.68,24.00,127.06,35.98,14.71,15.38
"Cholamandalam Invest.  and  Fin.",Bank/Finance,YES,"1,180.40"," 18.85 "," 1.62% ","171,395",24.25,4.06,"18,421.41","4,825.52",757.82,15.69,17.96,8.08,8.79,5.69,43.17,41.15,20.45
Cipla,Pharma,,568.70," 11.55 "," 2.07% ","1,004,233",45.34,3.66,"45,629.68","14,573.95","1,069.85",7.23,8.73,4.34,3.41,7.92,8.85,10.19,11.74
"Claris Lifesciences",Pharma,YES,361.65," -4.80 "," -1.31% ","60,673",17.95,1.93,"1,973.44",405.91,136.17,12.14,2.65,1.20,4.80,52.76,28.62,16.37,-
"Coal India",Mines/Mineral,,249.20," 7.45 "," 3.08% ","6,573,068",16.69,6.31,"154,688.64","79,829.23","9,267.74",10.86,38.45,0.99,-11.08,-22.97,-11.48,-6.24,-
"Coffee Day Enterprises",Services,,245.05," 2.75 "," 1.13% ","74,399",109.37,2.27,"5,052.19","3,119.64",10.36,0.33,-5.99,-1.41,-2.80,3.35,-,-,-
"Colgate-Palmolive (I)","Consumer Goods",,"1,073.50"," -9.80 "," -0.90% ","569,676",49.67,20.80,"29,209.90","4,226.43",588.09,13.78,50.48,-4.10,3.03,13.88,11.39,12.64,18.20
"Container Corp.",Services,,"1,179.60"," -0.15 "," -0.01% ","607,373",31.16,3.15,"28,756.26","5,723.71",922.92,15.29,10.11,1.15,-0.90,2.56,5.07,18.41,7.86
"Coromandel International",Chemicals,,447.90," -9.50 "," -2.08% ","87,943",23.94,4.40,"13,044.94","10,321.02",545.71,5.26,17.30,4.69,12.21,77.49,23.40,12.19,26.81
"Cox  and  Kings",Services,,274.25," -5.05 "," -1.81% ","165,905",32.99,1.87,"4,849.35","7,176.29",223.41,3.09,-0.19,-2.18,24.52,50.73,1.35,14.55,-
"Credit Analysis  and  Research",Services,YES,"1,613.10"," -16.45 "," -1.01% ","8,147",32.30,9.62,"4,760.05",280.48,151.51,48.35,32.66,-0.52,4.07,55.19,9.16,-,-
CRISIL,General,,"1,853.90"," 10.55 "," 0.57% ","24,414",41.40,13.08,"13,186.27","1,625.12",318.53,19.03,36.24,-6.82,-2.93,-10.35,1.14,15.02,17.31
"Cummins India",Engineering,,936.60," -12.70 "," -1.34% ","466,862",33.43,6.54,"25,926.52","5,320.86",775.61,13.99,17.52,2.53,-11.70,11.61,14.32,15.06,12.48
Cyient,IT,YES,527.55," -0.80 "," -0.15% ","17,463",16.55,2.64,"5,918.52","3,678.60",340.71,8.97,16.78,1.42,-0.03,1.35,10.38,25.02,12.47
"Dabur India","Consumer Goods",Explore,307.30," 2.20 "," 0.72% ","3,312,729",43.41,10.79,"54,184.37","7,539.27","1,250.89",15.92,28.97,3.99,11.30,3.94,14.58,20.37,19.77
"Dalmia Bharat",Cement,,"2,569.55"," -46.00 "," -1.76% ","68,618",66.35,4.61,"22,878.45","7,663.44",431.81,5.42,7.51,-1.04,14.76,80.97,78.91,84.53,-
"DCB Bank",Bank/Finance,YES,195.10," -0.10 "," -0.05% ","1,373,077",27.53,2.51,"5,998.65","2,171.56",853.22,4.23,0.93,0.98,1.17,77.36,34.51,36.50,6.42
"DCM Shriram",General,YES,395.80," 7.30 "," 1.88% ","422,828",10.42,2.33,"6,436.55","6,492.18",619.38,9.47,23.92,12.19,5.78,81.04,31.06,48.45,17.80
"Deepak Fertilisers  and  Petro.",Chemicals,YES,358.20," 0.80 "," 0.22% ","377,476",18.01,2.06,"3,156.85","4,257.25",160.15,3.74,7.66,19.60,33.23,112.77,31.22,22.44,13.25
"Delta Corp",Services,Explore,165.45," -1.85 "," -1.11% ","1,892,437",58.20,2.96,"4,421.97",474.61,75.70,15.69,5.04,6.67,2.44,50.84,22.01,22.87,15.72
"Dewan Housing Fin. Corpn.",Bank/Finance,YES,456.70," 5.85 "," 1.30% ","1,246,601",4.84,1.73,"14,312.02","9,282.84","2,955.54",31.71,43.11,4.71,4.24,94.73,37.10,42.34,28.40
"Dhanuka Agritech",Chemicals,Explore,734.60," -24.95 "," -3.28% ","35,588",30.15,6.93,"3,600.39",876.70,119.41,13.44,23.88,-12.05,-17.68,15.56,20.90,50.95,38.82
"Dilip Buildcon",Engineering,,526.30," -2.50 "," -0.47% ","107,905",20.09,4.18,"7,187.25","5,097.63",360.95,7.06,21.77,13.63,23.18,-,-,-,-
"Dish TV India",Services,,79.30," 0.15 "," 0.19% ","3,238,515",77.55,17.27,"8,474.68","3,014.41",109.30,3.57,"2,056.79",-2.04,-16.96,-18.58,10.98,2.48,-0.92
"Dishman Pharma  and  Chem",Pharma,,301.20," 7.95 "," 2.71% ","1,615,604",33.41,1.01,"4,858.77","1,708.24",194.54,11.17,12.77,-,-,-,-,-,-
"Divi's Laboratories",Pharma,YES,682.15," 12.10 "," 1.81% ","1,211,462",19.50,3.24,"18,094.34","3,845.10",928.00,23.59,28.57,4.14,8.81,-40.72,-3.16,4.10,7.67
DLF,"Real Estate",,189.80," -0.45 "," -0.24% ","5,101,036",47.41,1.38,"33,888.12","8,221.23",800.25,8.95,1.96,-2.69,1.82,17.05,-1.89,-1.76,-10.89
"Dr. Lal Pathlabs",Services,,814.25," -11.80 "," -1.43% ","26,314",44.08,10.41,"6,796.62",912.38,155.18,16.55,26.78,4.50,-12.45,-12.50,-,-,-
"Dr. Reddy's Lab",Pharma,,"2,239.55"," -84.40 "," -3.63% ","1,226,639",30.87,3.04,"37,211.83","14,284.60","1,168.00",8.10,10.20,-14.64,-14.06,-24.40,-6.81,5.99,13.63
"Dredging Corp. of India",Services,,626.55," 21.00 "," 3.47% ","245,956",236.64,1.15,"1,751.12",585.87,7.41,1.24,5.28,1.09,-4.14,53.06,12.33,20.15,1.64
"eClerx Services",IT,YES,"1,263.85"," -7.25 "," -0.57% ","3,683",14.25,4.15,"5,043.64","1,330.03",353.93,26.06,30.67,-3.31,-4.12,-17.73,10.09,18.83,-
"Edelweiss Financial Services",Bank/Finance,YES,225.15," -1.05 "," -0.46% ","2,870,933",28.78,4.23,"19,168.77","7,014.55",624.36,8.86,13.72,14.99,34.74,124.93,51.95,49.43,-
"EID-Parry (I)",General,,320.00," -10.00 "," -3.03% ","489,252",11.39,2.04,"5,652.76","14,863.56",709.42,4.72,27.58,1.57,0.91,23.36,18.05,8.35,18.11
"Engineers India",Engineering,,159.55," -0.15 "," -0.09% ","2,663,389",32.46,3.77,"10,711.21","1,448.64",325.04,19.44,9.75,2.90,-6.06,46.71,5.10,6.09,14.93
"Elgi Equipments","Consumer Goods",Explore,227.40," 4.65 "," 2.09% ","26,871",55.45,5.82,"3,608.80","1,421.01",63.43,4.43,12.56,-4.73,6.44,39.08,23.42,21.75,24.12
Emami,Bank/Finance,YES,"1,151.25"," 10.35 "," 0.91% ","226,478",91.76,14.89,"26,134.19","2,429.34",284.30,11.55,20.20,7.70,3.80,-0.66,29.36,28.10,30.76
"Emkay Global Financial",Auto,YES,175.75," 4.30 "," 2.51% ","53,046",35.03,3.16,427.08,105.23,12.19,11.20,9.45,13.11,77.90,141.85,55.37,45.96,6.47
"Endurance Technologies",Engineering,,902.60," -10.20 "," -1.12% ","28,388",38.45,7.34,"12,700.45","3,965.51",221.50,5.55,20.78,3.25,12.15,-,-,-,-
"EPC Inds.",Chemicals,,188.75," -1.35 "," -0.71% ","35,055",50.88,3.83,522.32,211.65,10.27,4.81,7.71,-6.19,12.18,15.44,-0.75,13.53,18.81
"Equitas Holdings",Bank/Finance,YES,167.80," 6.20 "," 3.84% ","2,421,292",49.99,2.53,"5,688.41","1,659.49",113.79,6.68,8.92,11.57,2.60,-2.50,-,-,-
"Eros International Media",General,YES,210.00," 3.10 "," 1.50% ","794,991",7.71,0.99,"1,983.93","1,399.70",243.29,16.83,13.93,-4.91,-5.87,-7.28,-1.64,3.48,-
Escorts,Auto,Explore,671.10," -6.30 "," -0.93% ","1,002,305",39.90,4.09,"8,243.30","4,295.32",176.13,4.75,4.23,1.30,18.01,155.66,79.55,62.81,21.84
"Eveready Industries (I)",General,Explore,303.10," -2.55 "," -0.83% ","570,872",23.55,7.61,"2,202.42","1,367.71",93.64,6.80,37.73,-13.44,0.41,23.47,53.76,74.72,20.56
"Exide Inds.",Auto,,215.80," -6.35 "," -2.86% ","2,462,482",26.72,3.56,"18,343.00","8,259.95",686.59,8.22,17.07,-4.62,-8.79,24.70,9.30,10.93,14.40
"Schaeffler India",Auto,,"4,298.50"," -6.50 "," -0.15% ",184,32.73,4.56,"7,142.93","1,936.57",218.26,10.89,14.21,-,-,-,-,-,-
FDC,Pharma,YES,176.20," -2.60 "," -1.45% ","26,362",16.56,2.46,"3,121.86","1,021.71",187.07,17.46,16.02,-3.35,-9.10,-4.00,8.10,16.52,19.40
"Federal Bank",Bank/Finance,YES,114.25," 0.85 "," 0.75% ","7,665,047",25.39,1.90,"22,179.87","8,987.71","3,160.64",3.13,0.81,1.78,1.51,82.07,24.08,23.00,15.04
"Federal Mogul Goetze",Auto,Explore,525.50," -7.65 "," -1.43% ","2,171",39.10,4.83,"2,957.40","1,302.17",71.99,5.42,11.21,-3.28,-11.03,40.63,28.15,20.79,12.05
"Finolex Cables",General,YES,482.90," 7.25 "," 1.52% ","32,824",18.43,3.18,"7,377.79","2,670.75",315.88,11.40,23.10,0.17,-8.45,23.55,33.03,64.81,18.69
"Finolex Inds.",Chemicals,YES,585.85," -5.65 "," -0.96% ","44,831",20.52,3.15,"7,281.92","2,722.54",344.57,12.54,17.70,-3.56,6.12,28.05,29.03,58.29,22.62
"Fortis Healthcare (India)",Services,,166.35," 3.05 "," 1.87% ","10,217,390",20.95,1.67,"8,604.80","4,609.16",-2.50,-0.05,-1.74,6.67,-23.38,-11.16,12.64,11.04,6.39
"Future Retail",General,,402.15," 2.55 "," 0.64% ","3,243,295",53.47,7.70,"19,692.88","17,075.09",368.28,2.15,2.13,8.41,14.90,-,-,-,-
"Gabriel India",Auto,YES,168.15," 4.10 "," 2.50% ","296,771",29.52,5.35,"2,409.63","1,529.13",81.62,5.32,19.66,11.46,35.88,62.79,46.45,47.04,29.18
GAIL,"Oil and Gas",,377.75," 7.20 "," 1.94% ","3,198,095",19.02,1.89,"64,075.02","48,390.62","3,502.91",7.00,5.90,3.39,-11.88,34.71,5.88,7.11,8.64
Gati,Services,,120.10," 4.05 "," 3.49% ","1,021,438",40.06,2.08,"1,182.41","1,690.99",37.29,2.19,6.67,-7.07,-12.42,-28.83,-0.28,25.87,1.36
"Gayatri Projects","Real Estate",YES,170.50," 5.75 "," 3.49% ","88,756",-,3.96,"3,015.94","2,115.35",74.37,3.49,-3.72,11.65,6.31,21.54,77.11,52.94,13.57
"GE T and D (I)",General,,371.65," -10.10 "," -2.65% ","208,967",55.26,8.72,"9,539.01","4,519.92",172.62,3.69,-7.84,10.04,9.70,9.24,3.68,14.23,1.89
GHCL,Chemicals,YES,234.95," -0.10 "," -0.04% ","300,482",5.18,1.57,"2,288.89","2,955.88",441.79,14.91,31.90,2.29,-8.69,-0.44,54.00,42.47,6.93
Gillette,"Consumer Goods",Explore,"5,325.25"," 63.70 "," 1.21% ","3,394",65.89,16.10,"17,284.67","1,845.34",262.31,13.91,26.63,2.81,19.77,13.86,31.68,17.32,19.55
"Glenmark Pharma.",Pharma,,689.30," -13.00 "," -1.85% ","786,603",15.96,4.03,"19,438.63","9,579.30","1,217.83",12.74,29.75,7.12,-19.77,-16.39,0.93,11.00,7.64
GNFC,Chemicals,YES,297.75," -2.30 "," -0.77% ","839,883",8.04,1.18,"4,626.82","5,050.83",575.20,10.89,6.09,5.75,-6.81,108.95,48.32,28.52,8.54
"Godfrey Phillips India","Consumer Goods",,"1,057.75"," 1.45 "," 0.14% ","166,576",40.07,3.86,"5,499.40","2,840.51",136.35,4.72,11.85,-16.76,-13.73,-7.93,22.32,11.01,15.07
"Godrej Consumer Products","Consumer Goods",Explore,960.85," -9.30 "," -0.96% ","1,013,646",50.92,11.79,"65,432.82","9,523.12","1,287.31",13.40,27.37,-2.38,6.46,21.19,31.25,24.71,30.56
"Godrej Industries",General,Explore,649.95," -4.50 "," -0.69% ","198,620",85.30,6.86,"21,874.32","8,431.28",145.76,1.69,4.00,0.30,16.45,63.05,24.41,20.96,12.35
"Godrej Properties","Real Estate",,494.40," -5.50 "," -1.10% ","114,573",57.42,5.30,"10,720.42","1,527.74",164.68,9.57,9.68,-3.25,-6.89,42.60,29.33,13.97,-
"Goodyear India",Auto,YES,881.65," -14.05 "," -1.57% ","17,176",15.97,2.89,"2,033.66","1,538.20",127.39,8.11,19.36,-2.03,0.71,68.25,16.66,22.61,17.70
"Granules India",Pharma,YES,131.65," -0.60 "," -0.45% ","727,914",18.31,3.34,"3,011.70","1,429.19",139.79,9.70,22.22,-5.97,-6.37,-5.93,26.00,54.32,28.28
"Graphite India",Engineering,YES,219.10," 10.70 "," 5.13% ","4,338,425",32.76,2.28,"4,283.61","1,430.90",130.74,8.61,3.87,16.39,81.52,179.46,25.97,21.21,13.85
"Grasim Industries",Cement,YES,"1,126.30"," 0.10 "," 0.01% ","358,820",23.38,2.36,"74,048.62","37,217.59","4,156.70",10.88,12.80,-11.10,-6.41,12.73,20.56,14.09,6.63
"Grauer  and  Weil (I)",Chemicals,YES,39.65," -0.25 "," -0.63% ","71,874",17.91,3.13,898.89,454.85,51.24,11.20,18.01,-3.17,-5.26,38.15,62.61,47.43,16.85
"Great Eastern Shipping Co.",Services,YES,386.40," -1.55 "," -0.40% ","23,434",7.72,0.81,"5,824.52","3,117.37",706.57,19.39,10.95,-6.21,-12.47,8.54,2.81,8.51,1.40
"Greaves Cotton",Engineering,YES,156.15," -3.15 "," -1.98% ","134,782",20.73,3.95,"3,803.52","1,733.15",183.29,10.30,19.89,-2.90,-10.23,11.97,12.28,18.82,7.70
"Greenply Inds.",General,Explore,269.80," 4.60 "," 1.73% ","246,614",25.24,4.06,"3,321.36","1,685.60",131.60,7.73,18.09,-0.46,-4.58,8.60,14.11,47.53,22.22
"Grindwell Norton",Engineering,Explore,407.60," -9.50 "," -2.28% ","15,430",37.51,4.90,"4,498.00","1,341.45",121.71,8.87,14.70,-5.23,3.56,21.60,24.57,26.59,19.90
"Gruh Finance",Bank/Finance,YES,503.80," 1.65 "," 0.33% ","102,957",59.56,15.51,"18,387.66","1,562.68",308.71,19.76,30.45,14.72,21.31,69.59,35.51,44.67,40.89
GSFC,Chemicals,YES,136.25," -0.60 "," -0.44% ","2,014,563",13.12,0.82,"5,429.26","5,523.44",413.72,7.41,8.18,11.54,-4.29,100.22,22.38,14.12,11.27
"Gujarat State Petronet",Chemicals,YES,183.90," -3.80 "," -2.02% ","1,811,517",19.27,2.34,"10,383.29","1,027.56",496.64,44.51,11.02,3.26,0.52,38.27,28.33,20.77,12.89
"Gujarat Fluorochemicals","Oil and Gas",,786.55," 7.35 "," 0.94% ","47,244",97.78,1.93,"8,617.73","6,315.29",216.27,3.36,13.89,7.36,0.32,28.74,14.77,16.90,9.11
"Gujarat Gas",Utilities,,755.00," 7.00 "," 0.94% ","8,070",46.95,6.23,"10,357.52","5,130.47",223.15,4.33,7.40,0.06,-5.84,23.57,-,-,-
"Gujarat Industries Power",Services,YES,124.95," -0.45 "," -0.36% ","108,238",8.25,0.85,"1,891.40","1,310.56",229.24,16.59,9.86,2.25,17.77,38.45,12.36,13.67,7.71
"Gujarat Pipavav Port","Oil and Gas",YES,139.90," -1.05 "," -0.74% ","2,228,130",24.02,3.16,"6,780.24",683.10,249.91,34.75,11.64,-5.89,-13.24,-17.73,-1.22,21.22,-
"Havells India",Engineering,Explore,492.55," 6.40 "," 1.32% ","1,640,640",59.68,9.05,"30,726.05","6,772.00",514.84,7.45,15.83,6.24,0.78,21.39,28.49,34.87,25.83
"HCL Infosystems",IT,,47.20," 0.30 "," 0.64% ","939,076",-,2.12,"1,052.56","3,273.55",-267.09,-7.75,-22.46,3.06,-15.18,16.98,-14.16,3.89,-13.12
"HCL Technologies",IT,YES,890.65," 14.90 "," 1.70% ","570,710",14.51,3.69,"127,094.68","48,380.21","8,755.95",17.70,22.50,5.83,8.88,8.11,4.63,27.77,19.54
HDFC,Bank/Finance,YES,"1,731.35"," -5.40 "," -0.31% ","5,369,383",25.12,4.44,"276,033.60","61,809.66","8,510.08",13.68,15.57,5.53,10.68,31.15,18.99,19.85,15.82
"HDFC Bank",Bank/Finance,YES,"1,790.25"," 10.30 "," 0.58% ","886,267",30.34,4.89,"461,272.48","71,458.66","34,728.52",-,1.85,8.28,16.64,44.26,30.07,24.90,22.70
HDIL,"Real Estate",YES,75.75," -7.75 "," -9.28% ","29,990,157",21.21,0.29,"3,287.58",710.81,151.25,20.27,2.42,-10.72,-14.21,-20.72,-6.27,-1.58,-15.55
"Heidelberg Cement India",Cement,,123.70," -3.30 "," -2.60% ","159,213",42.53,2.86,"2,806.60","1,853.62",65.99,3.55,4.44,-6.28,-7.02,1.60,24.69,26.52,9.77
"Heritage Foods","Consumer Goods",Explore,"1,263.05"," 2.65 "," 0.21% ","14,976",43.75,9.83,"2,923.54","2,642.89",66.82,2.52,25.02,12.52,9.75,104.92,65.08,67.70,24.78
"Hero Motocorp",Auto,Explore,"3,956.55"," 118.20 "," 3.08% ","789,172",23.20,7.17,"79,052.99","30,261.87","3,408.06",11.07,33.74,6.84,16.52,20.76,14.99,15.08,19.67
"Hexaware Technologies",IT,YES,252.10," 5.60 "," 2.27% ","845,354",15.93,4.16,"7,473.29","3,789.14",469.28,12.26,27.12,4.35,5.35,14.75,21.35,17.16,15.31
"Himatsingka Seide",Manufacturing,YES,330.65," -3.00 "," -0.90% ","132,251",17.92,3.06,"3,263.36","1,399.14",176.85,12.26,18.63,-4.88,-1.90,29.84,60.31,62.28,10.09
"Hindalco Inds.",Mines/Mineral,,225.25," 4.30 "," 1.95% ","5,760,887",26.58,1.31,"50,489.45","37,670.27","1,557.09",4.03,-1.51,13.53,17.04,64.30,5.66,14.04,4.32
"Hindustan Media Ventures",General,YES,269.95," -4.45 "," -1.62% ","20,735",10.25,1.62,"1,976.13",930.91,192.88,18.76,21.92,-1.37,-5.66,0.00,20.20,17.83,-
HPCL,"Oil and Gas",YES,432.60," 35.80 "," 9.02% ","14,606,267",13.06,3.02,"65,775.80","209,411.84","5,035.17",2.38,31.94,26.76,22.10,61.42,66.23,42.19,22.85
"Hindustan Zinc",Mines/Mineral,YES,285.90," 3.20 "," 1.13% ","1,645,509",13.19,3.69,"120,717.36","20,274.77","9,154.73",40.43,24.39,7.73,9.51,37.19,20.34,19.26,14.81
"Honeywell Automation",Engineering,Explore,"12,542.30"," 168.25 "," 1.36% ",488,64.90,9.32,"10,996.82","2,419.04",169.45,6.89,15.39,4.67,11.01,26.60,35.84,39.12,21.72
HSIL,"Real Estate",YES,366.95," 9.55 "," 2.67% ","41,443",26.47,1.84,"2,655.09","2,090.78",115.23,5.50,7.08,-2.64,5.57,17.84,14.07,22.65,18.18
HUDCO,"Real Estate",,79.90," -1.65 "," -2.02% ","5,373,958",19.03,0.84,"16,025.21",-,-,-,9.65,18.46,-,-,-,-,-
"Hindustan Unilever","Consumer Goods",Explore,"1,192.10"," 22.20 "," 1.90% ","1,116,836",56.09,33.32,"257,982.53","33,656.67","4,599.53",13.45,67.80,9.56,24.61,29.85,19.42,20.61,19.20
"ICICI Bank",Bank/Finance,,296.25," 0.55 "," 0.19% ","10,099,985",19.74,1.95,"189,878.97","54,285.16","22,168.64",3.27,1.19,2.33,9.43,35.58,2.99,11.62,5.93
"ICICI Prudential Life Insurance Co. Ltd.",Bank/Finance,YES,438.90," -2.15 "," -0.49% ","1,361,548",37.37,9.19,"62,906.93","23,466.69","1,683.17",4.52,30.05,-10.31,11.62,-,-,-,-
ICRA,Services,YES,"3,925.70"," 108.40 "," 2.84% ","8,178",49.43,7.46,"3,877.13",316.07,78.70,22.68,15.36,-2.71,-8.71,6.67,14.05,26.27,14.62
"IDFC Bank",Bank/Finance,,57.30," -0.75 "," -1.29% ","8,092,450",16.37,1.29,"19,524.59","8,702.41","1,906.46",-,0.95,1.15,-13.05,16.94,-,-,-
"IIFL Holdings",Bank/Finance,YES,593.80," 4.65 "," 0.79% ","70,779",25.26,4.07,"18,857.91","5,358.94",915.92,17.07,21.29,0.25,20.19,116.58,64.01,61.56,15.81
"India Cements",Cement,YES,198.50," 6.05 "," 3.14% ","4,482,842",38.51,1.19,"6,102.95","5,571.25",158.47,2.84,4.29,-2.19,-7.07,70.31,23.02,17.93,-0.88
"Indiabulls Housing Finance",Bank/Finance,YES,"1,213.20"," 13.45 "," 1.12% ","889,549",16.76,3.98,"51,352.24","10,983.05","3,057.24",24.80,27.17,15.42,12.66,51.68,45.42,-,-
"Indiabulls Real Estate","Real Estate",YES,247.60," 6.20 "," 2.57% ","16,858,066",25.94,2.82,"11,752.93","2,524.72",388.45,12.75,4.61,25.62,59.07,182.65,47.04,35.21,-7.47
"Indiabulls Ventures",Bank/Finance,YES,196.55," 0.70 "," 0.36% ","1,723,372",65.77,7.00,"8,688.56",475.14,132.11,22.79,23.28,14.21,75.10,636.14,101.58,90.29,-
"Indian Oil Corp.","Oil and Gas",YES,418.95," 31.90 "," 8.24% ","15,608,306",13.19,1.96,"202,879.71","423,962.61","15,385.93",3.59,21.38,9.72,-3.83,53.52,34.57,26.09,15.34
"Indo Count Inds.",Manufacturing,YES,141.40," -1.45 "," -1.02% ","660,716",11.90,3.30,"2,789.26","2,084.75",228.01,-,31.73,-13.29,-31.64,-19.07,78.63,149.85,49.38
"Indraprastha Gas","Oil and Gas",YES,"1,180.25"," -4.20 "," -0.35% ","166,937",27.30,6.68,"16,552.22","3,919.38",571.07,14.33,17.87,11.13,12.35,75.61,45.24,38.30,26.50
"Indusind Bank",Bank/Finance,YES,"1,664.70"," 19.50 "," 1.19% ","557,065",32.76,4.73,"99,679.18","15,134.15","6,480.24",4.00,1.78,11.14,17.21,42.73,44.19,38.77,42.48
"Infibeam Incorporation",Services,,"1,415.35"," 16.10 "," 1.15% ","1,161,575",173.94,9.80,"7,672.24",441.34,43.53,9.51,2.16,24.33,38.32,86.33,-,-,-
"Info Edge (India)",General,YES,"1,034.60"," 36.00 "," 3.61% ","37,101",55.01,6.18,"12,337.48",826.97,224.27,25.15,9.78,1.62,22.45,26.66,13.83,25.60,16.94
Infosys,IT,YES,983.75," -0.25 "," -0.03% ","2,674,509",15.72,3.30,"226,329.44","68,781.00","14,499.00",20.16,22.03,2.24,4.92,-8.22,4.32,12.23,7.45
"INOX Leisure",Services,,249.40," -2.25 "," -0.89% ","50,390",63.78,4.12,"2,407.10","1,271.22",37.66,2.94,11.63,-7.97,-12.77,-0.64,20.14,36.68,7.36
"Inox Wind",Engineering,,136.85," 1.35 "," 1.00% ","383,460",10.01,1.39,"3,034.73","3,415.00",303.29,8.70,27.93,-5.03,-31.47,-36.58,-,-,-
"Interglobe Aviation",Services,,"1,276.00"," 3.90 "," 0.31% ","325,869",24.55,10.15,"46,120.21","19,754.56","1,878.56",9.13,44.55,6.82,15.32,54.21,-,-,-
"Ipca Laboratories",Pharma,,461.90," -6.05 "," -1.29% ","39,762",29.93,2.37,"5,822.83","3,119.75",188.29,5.98,8.60,-4.38,-15.71,-10.90,-13.77,2.30,12.67
"IRB Infrastructure Dev",Engineering,,221.20," 1.20 "," 0.55% ","1,318,286",10.06,1.41,"7,761.77","6,145.48",771.46,12.26,14.16,3.97,-16.16,5.38,-4.58,11.97,-
ITC,"Consumer Goods",YES,280.75," -0.65 "," -0.23% ","11,283,020",32.94,7.38,"341,759.71","47,718.34","10,376.73",20.85,24.27,-16.75,-0.16,11.36,5.90,10.17,17.35
"ITD Cementation India",Cement,Explore,157.85," -3.15 "," -1.96% ","265,067",60.79,4.20,"2,446.84","2,597.45",57.11,2.18,9.09,-9.71,-15.96,10.78,65.15,46.28,16.73
"Jagran Prakashan",General,YES,178.10," -0.20 "," -0.11% ","27,750",16.66,2.69,"5,787.97","1,900.08",314.12,16.15,32.75,-3.94,-8.10,-3.65,16.95,14.08,4.94
"Jain Irrigation Systems",Chemicals,,102.10," 0.50 "," 0.49% ","2,899,353",27.75,1.13,"4,702.90","6,824.71",173.97,2.53,3.76,0.79,-4.89,38.29,0.25,4.92,0.24
"JB Chemicals  and  Pharma",Pharma,YES,305.15," -8.45 "," -2.69% ","55,985",14.06,2.37,"2,588.28","1,183.90",172.97,14.04,15.50,-5.54,-8.07,8.40,21.51,32.97,16.95
"JBF Industries",Manufacturing,,195.50," 3.20 "," 1.66% ","185,745",-,0.77,"1,595.27","4,016.85",35.63,0.86,-10.15,-27.93,-31.20,-5.80,13.36,6.88,2.65
"JBM Auto",Auto,YES,331.35," -2.30 "," -0.69% ","100,480",20.56,3.31,"1,354.41","1,790.24",73.75,4.10,19.58,13.21,20.99,124.40,47.19,84.27,37.19
"Jet Airways India",Services,YES,609.40," 21.25 "," 3.61% ","1,421,406",15.77,-1.25,"6,914.67","21,245.84",390.43,1.73,0.00,5.52,16.16,3.53,34.56,10.23,-1.85
"Jindal Steel  and  Power",Mines/Mineral,,138.35," -3.75 "," -2.64% ","19,765,790",-,0.42,"12,686.81","21,484.93","-2,540.22",-11.80,-10.21,9.76,22.60,69.13,-20.45,-18.96,0.38
"JK Cement",Cement,Explore,"1,012.20"," 5.00 "," 0.50% ","11,744",31.12,4.01,"7,049.72","3,973.76",259.58,6.45,13.19,3.89,1.89,37.72,35.60,34.33,19.48
"JK Tyre  and  Industries",Auto,YES,160.20," -3.20 "," -1.96% ","2,027,925",9.67,1.85,"3,630.15","7,846.36",379.82,4.80,20.44,-4.02,-9.06,76.07,36.64,53.97,18.11
"JM Financial",Bank/Finance,YES,123.10," -0.30 "," -0.24% ","974,530",19.16,2.80,"9,815.89","2,536.06",702.67,27.11,20.48,2.71,3.18,83.94,45.79,56.66,8.90
"Johnson Controls - Hitachi Air Conditioning India","Consumer Goods",Explore,"2,033.95"," 14.20 "," 0.70% ","2,397",68.06,12.57,"5,516.21","2,036.03",81.05,3.97,20.34,2.14,14.31,49.66,73.22,77.03,30.63
"JSW Energy",Utilities,,68.25," 1.20 "," 1.79% ","11,525,596",17.76,1.08,"11,168.77","8,263.43",618.45,7.29,6.20,3.10,8.51,-14.42,-3.83,6.08,-
"JSW Steel",Mines/Mineral,YES,228.25," 4.90 "," 2.19% ","5,030,815",17.82,2.38,"55,197.23","61,134.66","2,979.22",4.86,16.65,9.81,17.62,33.84,24.50,26.71,12.87
"Jubilant Life Sciences",Pharma,YES,698.10," -17.20 "," -2.40% ","237,359",19.82,3.11,"11,136.94","6,081.19",554.94,9.08,16.09,1.06,-4.92,117.75,53.10,33.17,8.62
"Jubilant FoodWorks",Services,,"1,279.30"," 24.50 "," 1.95% ","789,359",117.04,9.77,"8,438.77","2,615.97",72.10,2.74,7.48,24.75,23.51,8.59,1.76,2.49,-
"Just Dial",IT,,352.50," -4.40 "," -1.23% ","1,972,940",20.29,2.59,"2,446.66",732.35,120.57,14.75,21.82,-2.91,-30.29,-26.44,-42.12,-,-
"Jyothy Laboratories","Consumer Goods",Explore,384.40," -7.15 "," -1.83% ","112,455",37.01,6.45,"6,960.30","1,647.96",183.47,11.07,21.32,8.45,1.10,34.92,28.65,23.52,-
"Kajaria Ceramics",General,Explore,648.00," 3.50 "," 0.54% ","206,004",40.78,8.77,"10,282.49","2,634.06",253.80,9.59,23.65,-3.93,-3.06,4.25,26.87,48.80,47.77
"Kalpataru Power Trans",Utilities,YES,357.95," 6.05 "," 1.72% ","66,646",29.36,2.26,"5,474.71","4,953.94",269.08,5.38,8.09,6.91,-1.20,39.80,30.80,38.82,2.06
"Kama Holdings",Chemicals,YES,"2,912.35"," 28.60 "," 0.99% ",394,52.98,3.73,"1,879.23",36.06,35.47,98.28,29.65,-3.42,-6.50,56.78,66.83,52.11,34.25
"Kansai Nerolac Paints",Chemicals,Explore,446.45," -4.70 "," -1.04% ","91,874",46.01,8.12,"23,936.12","4,397.48",520.25,11.58,19.16,-0.19,11.98,23.50,41.02,37.69,28.85
"Karnataka Bank",Bank/Finance,,148.70," -0.50 "," -0.34% ","2,075,710",9.05,0.87,"4,205.18","5,255.34","1,550.35",2.64,0.75,-9.19,-13.45,21.91,12.64,14.12,0.88
"Karur Vysya Bank",Bank/Finance,YES,140.70," 3.45 "," 2.51% ","1,037,062",14.12,1.66,"8,579.26","5,621.40","2,131.15",-,1.00,-2.46,17.20,44.63,14.06,11.00,14.05
"Kaveri Seed Company","Consumer Goods",,697.65," 3.65 "," 0.53% ","570,427",61.92,4.75,"4,819.36",669.89,78.47,11.14,20.75,8.15,26.33,85.64,-1.65,35.64,-
"KEC International",Engineering,YES,298.80," -5.15 "," -1.69% ","1,125,482",22.80,4.65,"7,665.09","8,765.90",336.14,3.82,21.19,14.50,38.82,110.35,40.67,39.40,9.35
"Kei Industries",Engineering,YES,223.85," -2.20 "," -0.97% ","76,295",17.73,3.73,"1,742.66","2,696.39",98.64,3.64,23.67,-3.41,3.94,96.15,87.36,66.32,10.44
"Kewal Kiran Clothing",Manufacturing,,"1,655.20"," -10.85 "," -0.65% ",285,25.13,5.46,"2,033.57",464.15,80.93,16.27,44.22,-6.11,-7.52,-10.68,-0.94,25.96,23.32
"Kirloskar Oil Engines",Engineering,YES,400.30," 0.30 "," 0.08% ","59,596",38.25,3.50,"5,788.17","2,823.15",151.32,5.22,11.36,3.01,-0.12,47.03,15.54,21.26,-
"Kirloskar Pneumatic Co.",Engineering,YES,936.25," -18.40 "," -1.93% ","6,449",29.50,3.15,"1,202.55",508.74,40.77,7.83,15.08,-15.19,-27.85,10.15,17.23,15.52,7.54
"Kitex Garments",Manufacturing,YES,246.40," -11.15 "," -4.33% ","144,637",18.38,3.46,"1,646.87",556.74,89.62,15.98,22.86,-7.94,-14.54,-25.46,9.04,45.81,45.39
"Kohinoor Foods","Consumer Goods",YES,71.35," -0.40 "," -0.56% ","132,452",-,1.22,251.27,"1,050.82",-148.61,-14.02,-6.80,0.00,-8.94,4.01,14.85,18.57,2.32
"Kolte Patil Developers","Real Estate",,159.40," -0.40 "," -0.25% ","40,588",13.84,1.40,"1,206.34",965.61,84.88,8.70,8.76,-6.07,-15.03,25.56,1.30,31.84,-
"Kotak Mahindra Bank",Bank/Finance,YES,996.20," -0.20 "," -0.02% ","1,187,275",36.40,4.16,"190,005.61","22,789.63","11,305.48",4.40,1.91,3.90,10.02,31.70,28.53,29.46,17.96
"KPIT Technologies",IT,,124.10," -2.00 "," -1.59% ","2,087,799",10.24,1.51,"2,446.02","3,388.37",239.02,7.00,16.23,-0.52,-4.69,-2.97,-7.94,0.99,7.52
"KPR Mills",Manufacturing,YES,775.70," -7.60 "," -0.97% ","76,853",19.32,4.22,"5,739.49","2,898.56",297.04,10.16,22.72,-0.08,4.56,42.47,87.22,70.81,-
KRBL,"Consumer Goods",YES,455.60," 7.15 "," 1.59% ","121,081",26.76,5.60,"10,687.88","3,264.57",399.40,12.20,22.86,16.66,5.89,71.96,78.96,81.70,49.46
"Kwality Ltd.","Consumer Goods",YES,134.15," 0.80 "," 0.60% ","2,413,165",16.44,2.86,"3,192.35","6,131.26",164.30,2.67,23.27,-13.58,-10.68,24.88,40.32,34.72,57.36
"L and T Finance Holdings",Bank/Finance,YES,174.00," 3.10 "," 1.81% ","3,474,367",27.71,3.71,"31,697.79","8,602.80","1,146.71",12.87,14.05,17.21,28.08,101.97,36.60,31.02,-
"L and T Infotech",IT,,775.00," -3.45 "," -0.44% ","15,294",13.20,3.87,"13,225.88","6,616.60","1,002.30",14.58,38.00,-1.30,9.32,13.79,-,-,-
"Lakshmi Machine Works",Engineering,,"5,834.10"," 40.25 "," 0.69% ","3,201",34.50,4.13,"6,430.77","2,432.26",190.61,7.56,12.05,7.49,32.47,54.53,15.90,29.95,7.34
"Larsen  and  Toubro",Engineering,,"1,175.85"," 1.10 "," 0.09% ","1,082,867",26.05,3.23,"164,772.63","112,115.46","7,090.02",6.24,14.37,4.78,1.86,20.05,5.69,13.85,7.69
"Laurus Labs",Pharma,,583.95," 6.65 "," 1.15% ","55,826",32.32,4.63,"6,149.20",-,-,-,18.09,-6.93,4.01,-,-,-,-
"LG Balakrishnan  and  Bros.",Engineering,YES,762.85," 10.90 "," 1.45% ","4,014",17.83,2.46,"1,185.38","1,171.59",61.55,5.23,15.56,-2.46,19.39,64.34,19.13,42.97,20.80
"Liberty Shoes",General,,196.10," -3.05 "," -1.53% ","118,377",52.25,2.06,333.90,506.06,6.54,1.29,4.02,-1.28,6.37,5.71,-10.57,15.56,4.40
"LIC Housing Fin.",Bank/Finance,YES,684.65," 3.65 "," 0.54% ","1,112,424",17.33,2.99,"34,539.14","14,260.45","1,993.27",13.89,19.07,-8.42,-4.43,33.80,32.98,21.50,33.81
"LT Foods","Consumer Goods",YES,68.90," -0.35 "," -0.51% ","300,499",15.62,2.79,"1,833.87","3,315.99",128.69,3.87,14.56,2.68,5.51,131.01,80.46,71.36,32.51
Lupin,Pharma,,992.80," -0.60 "," -0.06% ","4,195,398",22.05,3.28,"44,835.97","16,896.26","2,032.95",11.89,20.98,-4.95,-21.45,-40.12,-5.57,11.31,22.77
"Lux Industries",Manufacturing,,"1,096.65"," -4.90 "," -0.44% ","9,570",44.11,11.48,"2,772.02",972.03,62.85,6.46,33.09,1.58,30.87,81.76,-,-,-
"M and M Financial Services",Bank/Finance,YES,423.55," 28.45 "," 7.20% ","6,851,961",52.08,3.44,"24,084.35","7,452.81",480.32,6.40,7.92,20.19,28.04,30.16,19.40,23.41,24.51
"Magma Fincorp",Bank/Finance,YES,174.55," 2.30 "," 1.34% ","108,117",220.58,1.87,"4,131.64","2,289.74",10.23,0.44,0.59,8.87,41.06,65.18,21.05,21.42,13.94
"Mahanagar Gas","Oil and Gas",,"1,026.15"," 16.20 "," 1.60% ","273,004",25.75,5.51,"10,132.13","2,085.05",393.44,18.40,21.03,4.15,2.58,98.48,-,-,-
"Mahindra Holidays  and  Resorts In",Services,,369.70," -9.55 "," -2.52% ","63,840",37.16,6.56,"4,932.39","1,109.28",132.75,11.76,26.37,-9.48,24.73,34.49,24.38,14.61,-
"Mahindra  and  Mahindra",Auto,,"1,418.05"," 1.55 "," 0.11% ","2,237,324",23.39,3.36,"88,091.40","45,966.52","3,766.66",7.96,11.28,4.64,6.23,-1.23,6.15,15.65,15.36
"Manappuram Finance",Bank/Finance,YES,102.80," 0.10 "," 0.10% ","3,102,251",11.43,2.57,"8,638.40","3,387.69",758.49,22.24,24.79,5.23,10.56,19.79,67.50,25.17,38.82
"Manpasand Beverages","Consumer Goods",,778.25," -10.05 "," -1.27% ","37,157",61.44,3.87,"4,462.58",715.26,72.64,9.91,12.79,0.11,12.94,11.99,-,-,-
Marico,"Consumer Goods",Explore,324.85," -2.95 "," -0.90% ","2,128,283",54.73,16.43,"41,953.22","5,874.04",779.88,13.07,37.51,0.45,4.52,10.38,36.40,28.10,27.74
"Marksans Pharma",Pharma,,40.35," -1.10 "," -2.65% ","1,881,934",173.31,3.80,"1,649.53",767.16,12.01,1.55,20.45,-2.54,-18.75,-13.33,6.83,92.48,22.33
"Maruti Suzuki India",Auto,Explore,"7,770.30"," 32.90 "," 0.43% ","325,021",31.72,6.23,"234,979.02","75,236.20","7,407.90",9.53,17.79,5.34,17.03,58.91,43.16,47.23,24.73
"Max Financial Services",Bank/Finance,YES,608.15," -5.50 "," -0.90% ","177,052",41.07,6.96,"16,239.16",130.94,154.00,60.09,15.00,-1.98,-4.89,10.42,26.61,27.96,10.98
Mercator,Services,,41.50," 0.40 "," 0.97% ","1,316,076",-,1.36,"1,120.05",538.33,-30.55,-5.60,-77.71,-6.21,-12.91,-3.15,7.88,17.20,-1.30
Merck,Pharma,YES,"1,256.20"," 0.35 "," 0.03% ","15,188",26.54,3.15,"2,082.48","1,015.10",78.48,7.54,12.27,17.40,13.41,79.69,20.35,15.22,12.00
"Minda Industries",Auto,Explore,770.75," -7.65 "," -0.98% ","35,126",39.54,6.48,"6,645.61","3,505.03",173.60,4.93,29.09,17.58,58.87,232.17,134.72,87.91,40.13
MindTree,IT,,471.05," 5.15 "," 1.11% ","439,102",19.02,2.92,"7,928.62","5,198.30",416.80,7.85,16.82,-11.85,-3.20,-22.12,-2.56,24.35,12.04
"Mirza International","Consumer Goods",YES,162.55," -11.00 "," -6.34% ","2,180,347",27.47,3.88,"1,955.57",936.55,71.20,-,20.67,-3.53,40.31,83.26,73.55,55.65,20.93
"Monsanto India",Chemicals,YES,"2,691.30"," 4.25 "," 0.16% ","6,636",32.05,7.98,"4,659.73",641.48,145.41,22.12,31.29,-3.21,4.52,17.05,10.58,33.81,14.09
"Motherson Sumi Systems",Auto,Explore,336.80," 5.75 "," 1.74% ","1,122,069",45.53,8.48,"70,759.54","42,694.26","1,989.28",4.64,31.40,10.21,25.13,45.01,29.59,61.08,35.06
"Motilal Oswal Financial",Bank/Finance,YES,"1,086.15"," 0.50 "," 0.05% ","60,954",41.01,8.32,"15,683.04","1,936.97",384.22,19.04,22.63,-2.91,15.63,128.88,70.31,61.19,-
Mphasis,IT,,597.70," -3.65 "," -0.61% ","68,060",14.70,1.83,"11,560.77","6,095.65",786.35,12.43,13.22,-0.11,6.36,14.92,10.66,7.84,7.00
MRF,Auto,YES,"66,361.15"," -2,789.25 "," -4.03% ","47,845",26.40,-,"28,159.11","14,109.99","1,066.67",7.38,18.74,-5.67,-0.99,87.91,40.91,44.93,32.57
"Muthoot Finance",Bank/Finance,YES,461.75," 7.85 "," 1.73% ","363,852",15.38,2.82,"18,450.59","5,728.63","1,179.83",20.53,15.34,2.47,15.37,28.21,38.14,28.08,-
"National Aluminium",Mines/Mineral,,69.10," 2.60 "," 3.91% ","1,887,307",19.97,1.06,"13,337.21","7,932.93",668.53,8.01,5.69,2.67,1.99,41.89,5.67,5.38,0.94
"Nandan Denim",Manufacturing,YES,142.55," 1.50 "," 1.06% ","74,500",12.10,1.63,685.66,"1,220.41",56.67,4.63,22.13,1.49,20.27,8.48,44.14,41.91,20.12
"Narayana Hrudayalaya",Services,,299.85," 0.80 "," 0.27% ","32,239",79.81,6.27,"6,123.67","1,947.32",84.71,4.31,9.89,-4.93,-4.45,-6.14,-,-,-
"Natco Pharma",Pharma,YES,949.50," -19.15 "," -1.98% ","212,805",34.04,10.03,"16,545.30","2,049.89",484.89,23.50,14.41,-3.99,6.46,50.67,63.99,68.17,44.81
"Nava Bharat Ventures",General,,132.00," -0.20 "," -0.15% ","80,779",23.25,0.72,"2,352.73","1,373.19",107.07,7.27,3.30,0.11,-9.65,12.65,7.13,6.88,3.10
"Navin Fluorine International",Chemicals,YES,737.50," 9.20 "," 1.26% ","120,688",23.57,4.57,"3,641.74",774.93,154.52,18.72,19.63,22.29,20.20,67.52,87.03,65.22,27.45
"Navkar Corporation",Services,YES,193.40," -3.80 "," -1.93% ","25,713",33.12,1.89,"2,775.87",379.53,83.80,21.47,6.09,-6.77,-9.56,-5.47,-,-,-
"NBCC Ltd.",Engineering,,216.70," -0.40 "," -0.18% ","982,845",54.83,11.48,"19,449.00","6,312.90",354.40,5.50,21.88,5.66,8.84,34.51,53.02,75.96,-
NCC,"Real Estate",,86.95," -1.65 "," -1.86% ","2,579,934",152.83,1.40,"4,842.16","7,892.07",225.50,2.81,1.16,-2.13,-10.80,13.12,21.84,27.62,-3.81
"NCL Industries",Cement,YES,204.30," -1.40 "," -0.68% ","32,757",13.74,3.13,751.74,798.39,54.73,6.84,30.73,-6.12,-4.99,86.72,90.72,38.35,16.97
"Nestle India","Consumer Goods",,"6,702.25"," -29.05 "," -0.43% ","18,068",64.13,19.02,"64,568.16","9,726.32","1,006.89",10.18,31.78,-2.22,-0.50,-1.33,8.75,8.81,18.31
NHPC,Utilities,YES,30.15," 0.30 "," 1.01% ","6,282,560",10.23,1.07,"30,983.15","7,271.17","2,795.59",31.14,9.40,-3.52,-5.78,23.06,10.40,10.85,-
"NIIT Technologies",IT,,502.80," 0.75 "," 0.15% ","270,064",12.44,2.14,"3,090.99","1,631.93",248.40,14.32,20.19,-11.04,4.98,18.21,10.35,12.42,4.64
Nilkamal,Manufacturing,YES,"1,785.60"," -24.55 "," -1.36% ","30,931",21.82,3.60,"2,674.27","1,993.50",118.45,5.91,17.40,-7.23,-18.69,53.11,78.83,51.75,25.22
NOCIL,Chemicals,YES,139.05," 2.20 "," 1.61% ","1,903,361",17.32,3.62,"2,278.30",785.87,131.52,16.54,22.59,23.00,27.22,154.44,79.14,54.03,20.14
NTPC,Utilities,,177.35," 4.80 "," 2.78% ","7,709,552",15.13,1.48,"146,150.86","79,089.85","9,662.26",11.98,11.87,12.21,9.04,11.51,7.86,1.30,0.67
"Oberoi Realty","Real Estate",YES,397.35," 10.75 "," 2.78% ","203,985",37.21,2.31,"13,465.23","1,054.42",358.96,32.58,8.57,7.83,0.23,32.16,16.19,11.18,-
"OCL India",Cement,YES,"1,198.35"," -1.60 "," -0.13% ","6,715",17.97,2.89,"6,843.96","3,241.08",395.27,11.68,17.42,-2.16,16.76,70.28,59.51,62.51,23.39
Omaxe,"Real Estate",YES,203.95," 0.70 "," 0.34% ","471,742",36.65,1.77,"3,741.23","1,626.75",105.27,6.24,3.90,0.64,4.78,26.83,17.74,10.82,-
ONGC,"Oil and Gas",YES,166.40," 0.70 "," 0.42% ","6,316,753",12.18,1.13,"213,737.53","79,196.52","17,552.16",20.26,7.85,4.07,-11.91,13.53,-14.01,-2.32,1.22
"Oracle Fin Ser Software",IT,YES,"3,603.25"," -12.50 "," -0.35% ","20,869",25.90,9.41,"30,699.94","4,426.53","1,185.65",25.77,32.92,0.75,-3.72,1.38,1.85,5.31,5.29
"P and G Hygiene  and  Health Care","Consumer Goods",Explore,"8,195.25"," 180.10 "," 2.25% ","1,514",56.89,14.15,"26,401.13","2,403.06",464.09,18.63,30.89,1.14,10.34,28.05,21.07,29.21,26.39
"Page Industries",Manufacturing,Explore,"16,375.20"," -5.50 "," -0.03% ","8,289",68.56,27.42,"18,256.10","2,137.40",266.28,12.32,44.54,-6.10,13.01,21.21,27.62,39.73,44.71
"PC Jeweller",General,,259.40," 5.45 "," 2.15% ","2,775,353",20.22,2.52,"9,295.77","8,556.21",459.77,5.29,18.55,3.18,21.30,26.71,57.55,-,-
"Persistent Systems",IT,,637.90," 3.00 "," 0.47% ","50,863",16.79,2.60,"5,091.20","2,904.68",303.27,10.07,17.11,-5.96,9.53,-4.63,0.21,27.13,-
"Petronet LNG","Oil and Gas",YES,207.55," -0.85 "," -0.41% ","2,204,311",18.08,4.34,"31,162.50","24,616.04","1,705.68",6.83,15.29,-2.97,-4.65,32.79,32.04,23.20,21.23
Pfizer,Pharma,,"1,800.75"," 19.90 "," 1.12% ","4,690",26.17,3.32,"8,215.84","1,912.74",313.91,15.54,10.89,-0.83,4.07,-7.63,10.72,8.40,9.22
"Phoenix Mills","Real Estate",,481.35," -2.70 "," -0.56% ","27,143",43.78,3.36,"7,351.80","1,824.61",190.01,10.15,5.70,4.28,16.78,28.01,10.91,21.21,1.81
"PI Industries",Chemicals,Explore,735.50," 6.35 "," 0.87% ","201,174",22.02,6.22,"10,117.43","2,326.03",457.36,19.36,30.54,-9.51,-14.61,-5.28,22.23,48.38,-
"Pidilite Industries",Chemicals,Explore,808.25," 1.40 "," 0.17% ","314,970",50.75,11.24,"41,437.58","5,825.62",812.59,13.64,28.15,-1.46,9.41,13.25,29.31,36.23,27.85
"Piramal Enterprises",Pharma,YES,"2,940.05"," 37.95 "," 1.31% ","176,106",38.29,3.35,"50,693.86","9,024.60","1,156.67",12.45,7.78,4.32,14.70,86.09,65.04,40.59,27.37
"PNB Housing Finance",Bank/Finance,YES,"1,543.55"," 100.85 "," 6.99% ","1,121,027",41.98,4.46,"25,713.46","4,237.00",612.58,14.46,13.56,-1.33,12.35,-,-,-,-
"PNC Infratech",General,,141.00," 0.25 "," 0.18% ","137,917",30.52,2.47,"3,609.51","2,220.14",139.00,6.06,21.06,-2.08,-12.23,26.46,-,-,-
"Poly Medicure",Chemicals,Explore,220.00," -1.75 "," -0.79% ","6,187",37.38,7.40,"1,955.55",441.61,53.39,11.79,22.35,2.10,-16.72,10.99,22.85,47.21,40.25
"Power Grid Corp.",Utilities,YES,224.60," 1.65 "," 0.74% ","4,486,466",15.14,2.27,"117,632.29","26,778.03","7,770.79",28.04,14.78,6.60,6.62,26.04,19.23,13.66,-
"Prabhat Dairy","Consumer Goods",,132.85," -2.10 "," -1.56% ","88,377",27.50,1.88,"1,290.79","1,402.92",46.94,3.34,7.04,1.61,11.87,48.35,-,-,-
"Praj Industries",Engineering,,74.80," 0.45 "," 0.61% ","202,459",30.19,1.90,"1,346.55",925.12,41.89,4.42,6.58,-0.60,-10.90,-9.50,8.31,7.41,-9.30
"Prestige Estates Projects","Real Estate",,272.90," -0.20 "," -0.07% ","454,956",37.74,2.28,"10,185.00","4,774.45",367.24,7.55,9.91,10.11,9.14,46.09,2.99,19.05,-
"PTC India",Services,,117.70," 0.75 "," 0.64% ","1,062,273",8.38,1.02,"3,476.62","14,074.83",290.87,2.03,18.04,22.73,15.11,51.68,11.89,14.76,3.74
PVR,General,Explore,"1,400.20"," 26.15 "," 1.90% ","285,632",67.09,6.95,"6,536.16","2,211.09",96.91,4.30,11.18,-1.79,-8.99,26.52,31.61,50.50,20.68
"Rajesh Exports",General,YES,740.15," 10.60 "," 1.45% ","372,819",17.58,3.72,"21,906.81","88,740.82",663.15,0.75,26.25,9.97,19.92,71.65,66.89,42.05,23.36
"Rallis India",Chemicals,,244.75," 0.45 "," 0.18% ","140,768",28.13,4.10,"4,743.10","1,709.91",168.12,9.74,29.71,1.07,2.43,11.89,5.02,14.35,28.40
"Ramkrishna Forgings",Engineering,Explore,560.45," 1.10 "," 0.20% ","17,925",94.04,2.63,"1,813.23",875.51,19.04,2.17,12.49,7.63,13.02,39.72,34.28,36.32,10.66
"Rane Holdings",Auto,YES,"1,633.75"," -4.35 "," -0.27% ","2,547",17.10,3.24,"2,339.56","2,970.93",182.68,6.03,27.83,-3.32,66.00,134.09,59.94,52.55,26.08
"Ratnamani Metals  and  Tubes",Mines/Mineral,YES,833.55," -2.45 "," -0.29% ","3,867",26.94,3.73,"3,881.46","1,430.00",144.30,10.00,16.69,-2.36,3.83,59.13,25.57,48.12,16.05
"RBL Bank",Bank/Finance,,515.05," -2.30 "," -0.44% ","1,116,067",39.92,4.36,"19,551.28","3,892.25","1,355.06",3.54,0.92,-1.29,-9.86,-,-,-,-
"Redington India",IT,YES,144.80," -0.75 "," -0.52% ","185,492",12.32,1.78,"5,783.81","41,354.43",478.85,1.16,15.64,13.04,8.46,39.23,14.81,15.79,9.76
"Relaxo Footwears",General,Explore,456.95," -2.25 "," -0.49% ","16,375",44.35,9.02,"5,453.91","1,746.37",122.97,7.03,28.37,-16.43,-7.15,-4.14,32.69,52.83,59.49
"Reliance Capital",Bank/Finance,YES,744.10," 21.40 "," 2.96% ","5,219,661",16.83,1.22,"18,796.74","18,714.00","1,281.00",6.80,9.97,14.49,10.73,71.65,8.51,17.19,-4.33
"Reliance Defence and Engineering",Engineering,,58.20," -0.05 "," -0.09% ","1,067,339",-,4.53,"4,300.16",613.51,-619.34,-85.87,-25.49,-4.20,-11.08,-11.15,2.46,-1.43,-
"Reliance Industries","Oil and Gas",YES,"1,622.15"," -27.95 "," -1.69% ","4,247,045",16.56,1.94,"527,621.16","338,995.00","31,884.00",9.16,12.13,14.08,19.46,63.36,18.07,16.90,6.05
"Religare Enterprises",Bank/Finance,,102.15," -0.55 "," -0.54% ","188,206",-,0.67,"1,821.14",34.59,-159.24,-451.18,1.56,-35.57,-46.31,-61.40,-31.84,-21.24,-
"Repco Home Finance Ltd.",Bank/Finance,YES,767.35," 32.95 "," 4.49% ","198,528",25.47,4.05,"4,784.69","1,063.09",187.88,17.64,16.97,-4.33,2.65,-6.35,19.91,-,-
"Sadbhav Engineering",Engineering,YES,288.00," -0.75 "," -0.26% ","8,964",-,2.75,"4,947.24","3,320.31",187.85,5.58,-8.40,-6.51,-11.78,-0.40,12.32,16.75,16.54
"Sanofi India",Chemicals,,"4,285.15"," 65.65 "," 1.56% ","2,959",36.94,5.20,"9,780.41","2,369.70",264.80,10.83,17.67,1.73,1.23,-4.85,14.15,14.09,12.56
"Sasken Technologies",IT,YES,483.40," -8.40 "," -1.71% ","23,603",11.40,1.52,859.06,464.75,75.38,15.23,14.08,9.48,18.52,37.49,14.94,30.69,2.98
"Savita Oil Technologies",Chemicals,YES,"1,141.15"," -15.40 "," -1.33% ",137,17.22,2.43,"1,666.46","1,674.46",96.77,5.72,5.94,-4.48,17.19,80.30,19.41,18.93,14.98
"Shakti Pumps (India)",Engineering,Explore,505.30," -5.20 "," -1.02% ","195,269",40.56,4.13,928.84,426.95,22.90,5.36,0.63,9.73,89.16,267.53,33.71,67.08,21.07
"Shalimar Paints",Chemicals,,215.60," -2.95 "," -1.35% ","13,317",-,7.25,409.71,378.15,-6.60,-1.74,-12.38,-15.58,2.25,27.17,35.95,14.97,15.62
"Sharda Cropchem",Chemicals,,450.05," -5.85 "," -1.28% ","21,959",21.11,4.06,"4,068.94","1,425.86",192.71,13.14,23.89,-9.03,-13.36,19.65,-,-,-
"Sharda Motor Industries",Engineering,,"2,690.45"," -34.90 "," -1.28% ",958,26.67,5.27,"1,592.07","1,042.61",55.98,5.31,20.54,-0.28,43.31,149.78,91.68,-,-
"Shipping Corp. of India",Services,YES,89.10," 3.05 "," 3.54% ","2,285,287",23.58,0.60,"4,140.95","3,461.80",135.52,3.72,5.80,7.80,15.56,24.27,16.28,10.22,-3.66
"Shree Cement",Cement,Explore,"18,059.75"," -74.90 "," -0.41% ","8,786",49.51,7.73,"62,949.12","9,398.15","1,271.55",12.79,18.41,2.09,-7.10,8.51,34.92,42.13,30.39
"Shriram City Union Finance",Bank/Finance,YES,"2,181.45"," -60.40 "," -2.69% ","7,994",25.33,2.76,"14,390.22","4,595.64",568.13,12.35,11.89,-13.41,2.25,10.96,9.06,25.53,23.75
"Shriram Transport Finance",Bank/Finance,YES,992.15," -3.75 "," -0.38% ","570,838",16.90,1.92,"22,512.44","11,040.45","1,331.92",12.06,11.78,-5.15,-2.70,-21.29,4.30,11.62,19.61
"Sical Logistics",Services,YES,258.75," -2.55 "," -0.98% ","36,217",33.65,2.83,"1,429.24",953.21,43.07,4.46,3.17,4.21,1.99,76.50,34.11,30.87,0.47
Siemens,Engineering,YES,"1,364.50"," -14.70 "," -1.07% ","75,869",16.31,6.86,"48,526.73","11,193.80","2,976.10",25.99,49.22,1.38,-0.67,8.66,15.40,15.22,8.07
SJVN,Utilities,YES,33.00," 0.05 "," 0.15% ","362,091",8.82,1.18,"13,609.50","2,468.66","1,544.14",47.60,13.19,2.96,-5.44,20.66,11.19,10.63,-
"SKF India",Engineering,,"1,551.55"," -27.90 "," -1.77% ","12,055",32.94,4.35,"8,160.89","2,752.27",247.77,8.74,14.03,-0.87,-7.11,10.83,9.07,20.15,14.02
"SML Isuzu",Auto,YES,982.15," -42.65 "," -4.16% ","75,142",22.72,3.55,"1,427.19","1,368.73",62.81,4.57,15.91,-18.51,-25.88,-25.48,17.53,20.99,12.65
Sobha,"Real Estate",,386.35," 1.15 "," 0.30% ","1,338,390",21.59,1.38,"3,724.10","2,351.30",161.40,6.75,5.68,1.71,-6.29,24.85,-4.04,2.01,-7.74
"Solar Industries",Engineering,Explore,882.20," -5.75 "," -0.65% ","4,071",41.27,8.11,"8,015.16","1,744.89",204.50,11.64,22.46,8.18,12.99,37.31,28.97,36.51,37.08
"Somany Ceramics",Chemicals,Explore,757.30," -16.35 "," -2.11% ","6,235",34.42,6.15,"3,203.25","1,885.73",86.09,4.53,19.80,-2.41,-3.21,27.18,45.66,77.26,51.36
"Sonata Software",IT,YES,160.05," -1.85 "," -1.14% ","135,972",10.97,2.88,"1,686.23","2,521.13",153.73,6.00,29.13,5.02,-2.05,5.64,32.40,55.17,12.68
Spicejet,Services,YES,128.20," 9.40 "," 7.91% ","5,506,854",17.84,-9.84,"7,684.95","6,190.05",430.72,6.83,0.00,1.10,14.01,108.79,106.26,32.16,8.41
Sreeleathers,"Consumer Goods",,152.00," 1.75 "," 1.16% ","3,395",28.99,1.76,388.52,99.59,13.40,13.27,5.61,-5.62,18.81,-1.92,-15.38,-,-
"SREI Infrastructure Finance",Bank/Finance,YES,119.65," 0.40 "," 0.34% ","1,044,319",22.42,1.21,"6,011.88","4,729.95",273.05,5.75,5.74,5.65,14.01,61.14,37.34,41.91,8.19
SRF,Manufacturing,YES,"1,516.05"," 8.25 "," 0.55% ","92,171",16.93,2.74,"8,718.15","4,912.43",497.37,9.97,17.33,-2.34,-13.32,0.85,37.09,48.98,26.74
"State Bank of India",Bank/Finance,,305.25," 4.70 "," 1.56% ","9,615,344",-,1.34,"263,665.98","230,447.49","81,332.82",-,-0.01,11.81,2.07,35.28,7.43,8.76,7.05
"Strides Shasun",Pharma,,"1,011.25"," -4.80 "," -0.47% ","148,645",22.63,3.34,"9,047.30","3,651.38",445.61,10.80,9.42,2.95,-2.85,-10.16,15.17,6.26,13.75
"Sun Pharmaceutical Inds.",Pharma,YES,506.40," -9.45 "," -1.83% ","7,344,699",17.45,3.37,"121,560.85","31,557.73","7,836.30",24.35,20.47,-8.34,-19.81,-40.32,-12.71,8.93,18.49
"Sun TV Network",General,YES,786.30," -10.20 "," -1.28% ","508,339",30.08,7.69,"30,988.84","2,558.25",979.41,36.21,26.77,-3.58,-11.64,70.53,24.39,23.70,7.57
"Sundaram Finance",Bank/Finance,YES,"1,687.85"," 28.95 "," 1.75% ","34,871",35.90,4.86,"18,760.44","2,408.83",522.52,20.75,15.03,4.56,5.90,13.85,19.94,35.21,30.08
"Sundram Fasteners",Bank/Finance,YES,400.50," 2.00 "," 0.50% ","92,075",25.57,6.05,"8,439.81","3,120.46",330.10,10.52,31.66,-5.46,-3.82,113.54,57.46,53.07,22.02
"Sunteck Realty","Real Estate",YES,249.30," 1.50 "," 0.61% ","578,366",15.41,1.75,"3,143.34",952.20,221.24,23.04,10.27,2.71,5.75,114.07,14.55,7.36,17.39
"Suprajit Eng",Auto,Explore,290.65," 0.50 "," 0.17% ","27,990",34.03,7.11,"3,793.72",649.93,64.25,9.62,23.34,-8.29,24.02,53.28,37.06,65.22,34.02
"Supreme Industries",Chemicals,Explore,"1,106.10"," 5.20 "," 0.47% ","21,120",35.58,7.91,"14,000.90","4,434.59",350.40,7.89,25.02,-9.09,-5.81,16.92,24.51,34.60,36.45
"Sutlej Textiles  and  Industries",Manufacturing,YES,861.75," -11.30 "," -1.29% ","3,929",10.36,1.68,"1,413.02","2,348.95",136.43,5.72,23.15,-6.26,-4.47,29.17,34.46,51.18,24.79
"Suven Life Sciences",Pharma,YES,169.10," -1.35 "," -0.79% ","85,134",24.60,3.22,"2,144.71",544.48,123.47,21.83,13.81,-1.20,-8.60,-14.96,12.58,59.42,15.15
"Suzlon Energy",Utilities,,17.65," -0.10 "," -0.56% ","66,624,224",11.16,-1.61,"9,364.71","12,717.92",876.35,6.67,0.00,-5.36,-14.32,8.62,-6.72,-0.28,-23.22
"Swaraj Engines",Engineering,Explore,"2,028.30"," -47.05 "," -2.27% ","2,516",35.34,8.28,"2,520.74",712.64,71.33,9.77,25.20,-13.30,10.62,81.11,31.08,38.65,28.16
Symphony,"Consumer Goods",YES,"1,392.65"," 20.40 "," 1.49% ","48,620",58.54,21.12,"9,693.59",667.17,173.17,24.61,37.89,1.23,-5.05,21.53,36.85,53.19,90.38
"Syngene International",Pharma,YES,463.85," -5.50 "," -1.17% ","128,576",32.04,6.40,"9,275.00","1,217.50",289.50,22.45,24.00,-2.87,-4.82,12.48,-,-,-
"Take Solutions",IT,YES,150.15," 0.55 "," 0.37% ","56,906",15.35,2.25,"2,006.43","1,344.56",133.81,9.90,17.57,-15.12,13.53,-12.83,64.80,33.92,-
"Tata Chemicals",Chemicals,YES,606.35," 6.20 "," 1.03% ","1,222,797",15.54,1.95,"15,430.59","13,379.86","1,221.35",8.08,16.55,-3.07,-7.99,33.16,18.55,14.43,9.08
"Tata Coffee","Consumer Goods",,127.15," -0.55 "," -0.43% ","197,975",16.98,2.16,"2,377.59","1,547.42",190.37,12.12,21.08,-4.97,0.79,13.43,11.23,5.26,17.44
"Tata Communications",General,,641.35," 3.70 "," 0.58% ","486,257",14.94,11.23,"18,275.63","17,472.89","1,224.16",-4.86,200.30,-7.17,-9.13,43.03,19.23,21.24,3.54
"Tata Consultancy Services",IT,YES,"2,522.80"," 33.35 "," 1.34% ","693,945",18.63,6.93,"482,926.90","118,245.00","25,989.00",21.22,33.64,6.59,8.27,-4.87,-0.04,15.30,16.47
"Tata Elxsi",IT,Explore,"1,699.20"," 7.70 "," 0.46% ","196,777",29.20,8.69,"5,288.83","1,261.96",181.11,14.18,36.69,1.72,9.30,4.30,40.94,50.59,18.80
"Tata Global Beverages",General,,166.45," -0.20 "," -0.12% ","2,298,689",26.93,1.68,"10,489.38","6,778.30",463.65,6.76,7.44,10.93,7.15,20.35,2.29,4.88,8.60
"Tata Investment Corp.",Bank/Finance,YES,852.65," -4.45 "," -0.52% ","35,650",21.89,1.88,"4,679.24",284.44,213.81,75.14,8.23,15.54,25.52,70.94,15.64,14.01,6.70
"Tata Motors",Auto,,435.60," 4.15 "," 0.96% ","4,166,729",16.85,2.17,"125,628.53","279,083.05","6,063.56",2.17,8.85,2.04,-0.21,-12.88,-0.47,14.77,13.21
"Tata Power",Utilities,,80.25," -2.40 "," -2.90% ","5,298,112",29.12,1.95,"21,705.81","27,897.72",-268.73,-0.94,-2.44,-1.17,-3.31,13.35,-5.89,-3.09,1.79
"Tata Sponge Iron",Mines/Mineral,,828.80," 15.25 "," 1.87% ","255,228",16.13,1.42,"1,270.65",658.76,78.80,11.31,6.95,1.72,-0.65,41.47,-2.68,19.50,20.54
"Tata Steel",Mines/Mineral,,575.85," 16.55 "," 2.96% ","3,363,291",-,1.76,"55,893.45","114,862.11","-4,176.22",-0.48,-11.89,5.17,30.15,54.05,1.43,7.71,-0.01
"TeamLease Services",Services,,"1,411.55"," -26.35 "," -1.83% ","36,950",36.20,6.30,"2,401.75","3,041.87",66.34,2.17,19.15,-0.23,29.12,32.50,-,-,-
"Tech Mahindra",IT,,409.00," 1.85 "," 0.45% ","1,957,230",13.82,2.31,"39,857.16","29,556.01","2,869.72",9.41,19.07,8.29,-2.41,-18.19,-8.94,16.50,2.46
"Techno Electric  and  Engg",Engineering,YES,366.30," -7.40 "," -1.98% ","15,774",21.79,3.72,"4,199.06","1,356.72",189.86,13.50,14.59,-4.58,-9.13,12.41,37.95,33.06,-
"The Ramco Cements",Cement,YES,688.55," 0.30 "," 0.04% ","109,252",24.89,4.31,"16,160.29","4,361.42",649.17,14.83,18.88,-1.12,1.09,28.72,35.63,31.76,15.35
Thermax,Engineering,,904.95," -3.80 "," -0.42% ","71,194",48.19,4.23,"10,747.30","4,589.72",281.60,5.99,11.37,-3.15,-12.58,7.03,1.79,12.93,3.50
"Thomas Cook (India)",Services,Explore,222.40," 1.85 "," 0.84% ","220,293",213.15,5.48,"8,138.10","8,575.39",77.55,0.89,5.74,-10.32,9.05,12.72,18.00,29.45,14.06
"Thyrocare Technologies",Services,YES,713.90," -1.20 "," -0.17% ","5,375",53.88,9.52,"3,823.77",306.81,70.96,22.41,18.56,-3.19,0.48,29.03,-,-,-
"Tide Water Oil Co. (India)",General,YES,"5,781.25"," -44.65 "," -0.77% ","1,217",17.51,3.16,"2,018.45","1,006.33",102.93,9.95,17.73,-2.11,-5.01,6.37,25.90,23.56,29.01
"Timken India",Engineering,Explore,698.65," -14.00 "," -1.96% ","8,671",49.11,7.73,"4,773.60","1,071.52",97.20,8.99,16.93,3.85,-3.07,23.59,29.50,29.03,18.79
"Titan Company",General,Explore,611.20," 53.15 "," 9.52% ","14,943,128",59.94,11.84,"54,194.91","13,948.67",904.13,6.45,18.06,14.13,24.06,49.73,21.31,21.73,26.57
"Torrent Pharmaceuticals",Pharma,YES,"1,276.25"," 22.20 "," 1.77% ","181,104",25.95,4.75,"21,537.82","5,680.00",830.00,13.87,23.80,2.87,-3.98,-12.88,19.18,30.45,27.63
"Torrent Power",Utilities,,187.25," 3.55 "," 1.93% ","3,249,090",15.44,1.28,"9,050.01","10,516.06",586.64,5.48,6.43,1.71,-14.89,7.06,11.48,3.68,10.54
Trent,General,Explore,279.25," 1.30 "," 0.47% ","212,545",76.22,5.88,"9,276.62","1,842.53",121.71,6.39,6.24,17.95,9.96,50.88,32.08,22.05,15.14
Trident,Manufacturing,YES,85.90," 1.75 "," 2.08% ","663,957",12.97,2.54,"4,374.88","4,731.31",336.75,7.01,14.36,14.77,-0.23,103.92,54.28,56.47,16.63
"TTK Prestige","Consumer Goods",,"6,389.10"," 250.80 "," 4.09% ","12,342",49.08,8.68,"7,393.86","1,764.39",150.66,8.51,19.16,-0.14,-2.19,29.54,18.54,11.67,47.21
"TVS Motor Co.",Auto,Explore,599.30," 12.60 "," 2.15% ","1,478,231",55.66,12.84,"28,457.72","12,366.83",558.08,4.45,25.24,8.80,20.54,100.60,55.41,73.76,35.60
"TVS Srichakra",Auto,YES,"3,602.20"," -42.70 "," -1.17% ","10,146",18.44,4.92,"2,759.98","2,000.69",155.33,7.73,30.76,-5.20,-11.36,53.54,76.16,61.02,41.40
UFLEX,Chemicals,YES,430.50," 2.35 "," 0.55% ","175,368",8.93,0.86,"3,113.40","6,246.92",346.68,5.53,9.91,11.25,16.26,87.05,49.77,32.46,10.74
"Ujjivan Financial Services",Bank/Finance,YES,320.65," 11.90 "," 3.85% ","13,419,366",62.53,2.29,"3,836.97","1,351.10",61.36,4.30,11.84,3.59,-9.83,-28.51,-,-,-
"Ultratech Cement",Cement,Explore,"4,081.35"," -3.05 "," -0.07% ","171,562",39.56,4.43,"112,016.64","27,622.26","2,831.58",10.01,11.72,1.55,-5.62,11.62,18.20,20.01,16.17
"Unichem Laboratories",Pharma,,262.90," -5.65 "," -2.10% ","24,741",22.02,2.25,"2,393.50","1,402.00",103.87,7.33,10.77,-1.57,-3.31,-3.88,8.07,11.70,11.25
UPL,Chemicals,Explore,887.05," 6.30 "," 0.72% ","783,711",24.48,5.77,"45,034.43","16,702.11","1,879.36",11.03,37.26,4.64,9.32,47.28,38.42,49.15,18.11
"V-Guard Industries",General,,181.65," 0.75 "," 0.41% ","602,956",58.38,11.79,"7,722.34","2,156.89",132.27,6.09,27.63,2.63,-10.52,48.53,49.58,51.76,-
"VA Tech Wabag",Engineering,,623.15," 0.50 "," 0.08% ","72,400",33.18,3.42,"3,398.01","3,207.91",169.50,5.27,17.73,-8.39,-7.65,7.03,-4.19,20.52,-
Vakrangee,IT,Explore,448.70," -2.30 "," -0.51% ","689,944",41.15,10.69,"23,756.89","4,384.77",577.33,13.14,32.23,1.77,29.62,142.31,47.99,62.83,50.15
"Vardhman Textiles",Manufacturing,YES,"1,202.10"," -7.70 "," -0.64% ","16,355",7.01,1.61,"6,883.48","6,212.09",957.44,11.28,17.49,4.57,-9.11,13.97,36.21,37.90,23.81
"Varun Beverages","Consumer Goods",,502.50," 4.50 "," 0.90% ","30,812",60.76,4.84,"9,190.33",-,-,-,15.11,-3.97,6.57,-,-,-,-
Vedanta,Mines/Mineral,,288.85," 8.90 "," 3.18% ","10,101,816",17.73,1.71,"107,333.98","78,310.07","10,524.02",12.74,18.92,13.16,24.24,78.69,-0.08,9.74,12.33
"Veto Switchgears  and  Cables",Engineering,,223.10," 7.35 "," 3.41% ","317,411",22.44,4.05,409.15,239.07,18.23,7.60,17.05,19.62,29.03,69.02,-,-,-
"Vinati Organics",Chemicals,YES,"1,051.80"," 24.75 "," 2.41% ","63,191",38.89,7.97,"5,417.32",678.93,139.30,20.23,22.82,9.49,24.73,96.92,41.57,61.54,57.22
"VIP Industries",General,Explore,194.30," 8.35 "," 4.49% ","757,462",29.20,6.09,"2,736.61","1,306.61",93.72,7.14,22.43,2.02,-5.98,52.99,22.75,21.12,23.00
"Voltamp Transformers",Engineering,YES,"1,161.40"," 3.80 "," 0.33% ","7,633",17.30,2.19,"1,176.17",609.38,67.97,10.43,13.50,-7.33,-3.86,50.66,20.58,19.14,1.71
Voltas,General,Explore,541.70," 3.40 "," 0.63% ","961,460",33.18,5.13,"17,907.48","6,174.07",557.87,8.73,17.35,16.91,27.25,55.73,39.03,38.79,14.56
"VRL Logistics",Services,,343.45," 16.05 "," 4.90% ","511,628",39.00,5.44,"3,127.37","1,836.31",77.74,4.34,13.36,2.10,2.14,9.94,-,-,-
"VST Industries","Consumer Goods",,"2,901.40"," -37.70 "," -1.28% ","1,876",27.15,7.82,"4,490.59","1,603.26",165.39,10.07,37.07,-20.15,-4.88,46.78,22.69,11.30,22.97
"VST Tillers Tractors",Engineering,YES,"2,196.15"," -23.75 "," -1.07% ","6,188",26.32,3.86,"1,888.77",695.20,68.42,9.62,15.80,-7.88,8.60,18.63,10.40,37.93,33.43
"Wabco India",Engineering,Explore,"5,690.00"," 152.95 "," 2.76% ","7,696",55.27,8.11,"10,711.66","2,237.03",193.80,8.52,21.35,1.50,-5.25,-8.10,20.27,30.35,-
"Websol Energy Systems",Utilities,YES,112.70," 0.65 "," 0.58% ","135,810",3.13,4.00,282.72,296.21,79.34,24.37,0.00,-9.08,18.71,172.97,73.04,52.55,-7.85
"Welspun India",Engineering,YES,82.05," -1.85 "," -2.21% ","443,878",22.99,3.43,"8,218.65","6,640.54",362.37,5.39,41.84,1.49,-15.50,-20.54,52.47,72.47,29.49
Whirlpool,"Consumer Goods",Explore,"1,158.70"," -7.35 "," -0.63% ","35,522",47.26,9.98,"14,672.73","4,040.53",310.49,7.55,24.10,2.74,-3.92,36.20,50.45,39.36,41.23
"Wim Plast",Chemicals,Explore,"1,525.05"," 11.00 "," 0.73% ",955,37.71,6.97,"1,830.57",378.23,48.57,12.76,18.48,-3.59,0.37,20.23,43.30,66.19,50.05
Wipro,IT,,289.40," 0.30 "," 0.10% ","2,548,522",16.53,2.63,"140,785.29","55,475.30","8,541.60",14.71,17.65,11.31,15.77,5.58,1.80,10.75,7.44
"Yes Bank",Bank/Finance,YES,"1,807.95"," 22.50 "," 1.26% ","2,860,985",23.23,3.60,"82,802.10","17,328.78","6,402.30",3.70,1.76,21.74,11.13,46.80,49.32,37.46,25.27
"Zee Entertainment Ent.",General,YES,541.85," 1.90 "," 0.35% ","3,433,629",23.07,7.53,"52,051.52","6,402.76","2,254.77",34.69,38.75,10.27,4.05,11.15,23.51,27.13,13.24
"Zensar Technologies",IT,YES,784.95," -2.95 "," -0.37% ","17,414",16.74,2.36,"3,539.38","3,040.24",215.26,6.97,17.60,-2.40,-11.10,-28.41,22.92,24.20,20.10
"Zydus Wellness","Consumer Goods",YES,885.20," -0.90 "," -0.10% ","2,450",31.88,6.24,"3,474.68",438.42,112.70,23.85,21.49,4.53,2.37,10.91,14.16,16.22,25.39
