Name,Code,MyOpinion,"CAGR 1 Year","CAGR 2 Year","CAGR 3 Year","CAGR 4 Year","CAGR 5 Year","CAGR 6 Year"
"8K Miles Software Services",7765,YES,96.42,106.68,129.71,112.37,90.83,-
"Aarti Industries",39,,5.08,4.23,6.19,10.80,13.55,13.80
"Aban Offshore",42,,-47.14,-34.12,-23.55,-16.79,-11.30,-
ABB,292,,6.86,6.02,4.08,3.57,3.07,-
"Abbott India",2105,YES,11.14,12.57,8.41,15.32,14.43,-
"ABC Bearings",228,,5.65,8.05,10.41,6.24,1.40,-
ACC,338,,-5.41,-3.10,-0.46,-0.90,1.58,-
"Adani Ports and Special Economic Zone",17950,YES,23.34,19.45,20.95,26.25,28.84,-
"Adani Power",20391,Explore,-9.84,6.81,13.92,35.08,40.47,-
"Adani Transmission",22965,YES,27.97,357.50,-,-,-,-
"ADF Foods",174,,-2.85,-0.68,-0.57,3.35,5.58,-
"Aditya Birla Fashion and Retail",22048,YES,9.58,89.29,58.55,48.97,223.24,-
"Aditya Birla Money",18913,,4.07,2.60,17.86,9.13,6.48,-
"Advanced Enzyme Technologies",23459,YES,13.28,21.70,11.46,10.52,13.82,-
"Aegis Logistics",87,Explore,77.26,-0.26,-7.92,-1.68,-2.92,-
"Ahluwalia Contracts (India)",6295,YES,13.60,15.72,13.26,-0.22,-0.32,-3.35
"AIA Engineering",16461,,6.82,1.80,3.61,7.31,10.45,-
"Ajanta Pharma",6424,YES,14.36,16.05,17.99,21.00,24.04,-
"Aksharchem (India)",359,YES,40.46,14.29,22.33,28.99,38.56,-
"Akzo Nobel India",1623,,6.58,69.57,-,-,-,-
"Alembic Pharmaceuticals",21475,YES,-1.17,23.17,18.88,19.53,16.19,-
"Alkem Laboratories",17126,YES,12.30,21.57,20.78,21.49,21.83,-
"Allcargo Logistics",16704,,-0.70,-0.47,4.76,8.97,5.41,-
"Alphageo (India)",144,YES,240.62,103.64,47.72,89.66,46.26,-
"Amara Raja Batteries",161,YES,15.07,12.33,15.48,15.60,17.53,-
"Ambuja Cements",1374,YES,112.49,41.55,29.67,19.85,18.86,-
"Anant Raj",200,,3.82,0.38,-0.57,-3.82,8.25,-
"Apar Industries",1378,,-4.76,-2.81,1.00,0.58,5.87,-
"APL Apollo Tubes",4622,YES,7.69,20.31,22.10,22.65,26.70,-
"Apollo Hospitals Enterprise",239,YES,16.21,18.18,18.24,17.67,18.08,18.58
"Apollo Tyres",241,,11.90,1.79,-0.49,0.80,1.73,-
Arcotech,18073,,0.92,5.87,5.57,18.72,23.81,-
"Arihant Superstructures",7861,YES,50.55,30.25,22.62,26.96,22.97,-
Arvind,284,Explore,15.08,8.09,9.81,14.17,12.96,-
"Ashok Leyland",306,YES,6.80,21.42,25.51,-,-,-
"Ashoka Buildcon",21008,YES,31.35,14.25,17.26,14.87,15.75,15.84
"Asian Paints",329,,7.37,4.10,6.57,8.91,9.81,-
"Astec Lifesciences",20554,YES,24.41,8.67,15.11,15.81,22.76,-
"Astra Microwave Products",7374,,0.37,-18.13,-7.33,16.31,21.10,25.49
"Astral Poly Technik",17181,YES,12.96,15.09,20.60,23.08,26.47,-
Atul,358,,9.79,3.85,4.99,8.81,9.64,10.59
"Atul Auto",356,,-10.24,-,-,-,-,-
"AU Small Finance Bank",21728,YES,19.89,36.87,-,-,-,-
"Aurobindo Pharma",363,YES,7.34,10.90,22.76,26.41,26.43,-
"Avenue Supermarts",22663,YES,38.30,36.33,36.66,37.53,40.12,-
"Axis Bank",5745,YES,12.13,13.68,14.37,14.06,15.95,19.45
"Bajaj Auto",18752,,-2.46,1.76,3.27,2.41,2.58,-
"Bajaj Corp",20914,,1.26,-1.07,5.62,6.72,10.43,-
"Bajaj Electricals",418,,-7.28,-,-,-,-,-
"Bajaj Finance",416,YES,36.45,34.18,-,-,-,-
"Bajaj Finserv",18751,YES,19.42,78.11,59.11,47.73,43.80,-
"Balaji Telefilms",6598,YES,43.44,10.80,1.05,21.06,13.78,-
"Balkrishna Industries",438,,16.63,-1.40,1.69,4.03,5.67,10.18
"Balmer Lawrie  and  Co.",440,,7.40,-26.82,-17.74,-12.77,-8.13,-5.05
"Balrampur Chini Mills",443,Explore,24.19,7.74,8.99,1.24,8.33,2.49
"Banco Products (India)",449,,9.49,6.12,4.37,6.53,5.28,-
"Bank Of Baroda",451,,1.20,2.01,4.43,6.36,8.67,12.54
"BASF India",384,,7.28,3.93,4.69,6.59,7.67,-
"Bata India",467,,2.90,-4.05,6.33,7.71,8.02,11.77
"Bayer CropScience",471,,0.81,-13.19,-4.84,0.71,4.40,-
BEML,515,,-15.25,-5.49,-4.93,-3.19,-1.56,-1.79
"Berger Paints India",488,,8.11,2.81,5.66,8.07,9.12,-
"BF Utilities",6711,YES,11.33,-19.25,11.45,13.32,9.95,17.43
"BGR Energy Systems",18059,,6.09,1.10,1.41,2.49,-0.10,-5.27
"Bhansali Engineering Polymers",510,,18.97,2.59,-,-,-,-
"Bharat Bijlee",513,,4.45,4.79,11.01,5.37,-1.27,-
"Bharat Electronics",516,Explore,15.26,9.80,9.45,7.25,7.01,7.17
"Bharat Financial Inclusion",20575,YES,30.84,32.71,40.42,48.18,28.50,-
"Bharat Forge",518,,-6.14,-8.42,-1.61,5.40,0.45,3.98
"Bharti Airtel",6321,,-0.83,-0.39,3.89,5.91,6.31,-
"Bharti Infratel",21887,Explore,22.54,-21.08,-12.34,-8.01,-4.57,-
"Bharat Heavy Electricals",520,,14.23,-0.65,-7.76,-10.34,-7.99,-4.71
Biocon,15774,YES,18.14,13.49,11.34,12.34,11.06,-
"Birla Corporation",564,YES,30.43,15.51,12.68,13.27,13.24,-
"Bliss GVS Pharma",573,YES,44.48,38.96,30.35,19.06,23.89,-
"Blue Star",583,YES,15.54,17.73,14.42,10.55,9.24,-
"Bodal Chemicals",963,Explore,34.85,8.81,8.88,23.68,15.11,13.75
"Bombay Burmah Trdg. Corpn.",587,,7.93,7.37,9.38,9.93,9.91,10.45
"Bombay Dyeing  and  Mfg. Co.",590,,-5.96,-14.59,28.19,-,-,-
Bosch,2522,,3.98,-,-,-,-,-
"Bharat Petroleum Corpn.",525,,7.33,-8.85,-8.55,-4.45,-0.98,4.57
"Brigade Enterprises",18074,YES,-0.59,24.37,28.65,25.32,25.89,-
"Britannia Industries",611,Explore,8.02,7.63,9.84,10.22,10.67,-
BSE,23649,YES,19.13,13.14,14.76,9.71,6.72,-
"Cadila Healthcare",6179,Explore,0.35,4.87,9.56,10.62,12.49,-
"Can Fin Homes",646,YES,24.88,28.69,32.51,35.54,36.03,-
"Capital First",18169,YES,48.37,39.19,38.17,36.44,30.39,-
"Caplin Point Laboratories",653,YES,69.77,27.08,32.52,33.61,30.26,-
"Carborundum Universal",659,,8.48,1.53,-0.10,1.91,1.30,-
"Castrol India",665,,1.88,0.25,1.95,2.01,2.43,-
"CCL Products (India)",797,Explore,4.75,5.19,10.77,10.63,14.16,-
Ceat,670,,4.97,0.09,1.28,3.35,4.35,-
"Central Depository Services (India)",23780,,15.82,-,-,-,-,-
"Centum Electronics",6190,YES,85.17,24.25,21.53,28.15,24.22,19.98
"Century Plyboards (India)",15920,YES,11.80,7.07,10.86,11.56,1.94,5.07
"Century Textiles  and  Inds.",689,,-0.59,1.92,5.68,7.27,10.05,-
"Cera Sanitaryware",7375,,10.06,-,-,-,-,-
CESC,623,YES,15.02,12.66,11.44,16.49,18.65,17.94
"CG Power  and  Industrial Solutions",831,,-21.12,27.33,-13.49,-7.35,-4.49,-
"Chambal Fertilisers  and  Chemicals",700,,-14.14,-11.57,-5.13,-1.82,0.21,4.91
"Chennai Petroleum Corpn.",2289,,7.15,-18.90,-,-,-,-
"Cholamandalam Investment  and  Finance Co.",740,YES,13.31,12.40,13.20,17.26,19.70,-
Cipla,748,YES,5.94,12.71,11.89,14.52,15.35,-
"Claris Lifesciences",21086,,1.06,-43.27,-26.26,-22.18,-17.73,-
"Coal India",4673,YES,12.13,12.34,10.12,7.86,8.69,-
"Cochin Shipyard",23846,,5.46,-,-,-,-,-
"Coffee Day Enterprises",22579,YES,11.80,8.63,10.61,10.35,14.22,-
"Colgate-Palmolive (India)",776,,2.92,0.08,3.48,5.77,7.95,-
"Container Corpn. Of India",794,,-5.09,-1.72,3.30,6.97,7.22,7.31
"Coromandel International",811,,-12.40,-5.02,0.45,3.01,0.54,-
"Cox  and  Kings",17184,YES,-4.74,65.98,41.13,40.26,48.40,-
"Credit Analysis  and  Research",5806,,11.19,2.60,5.68,8.41,9.03,-
Crisil,827,YES,12.56,12.00,11.77,12.55,13.52,-
"Cummins India",841,,8.48,1.23,12.57,-,-,-
Cyient,5968,YES,15.02,13.64,17.90,17.97,18.71,-
"Dabur India",870,,-1.06,-0.46,3.18,5.95,8.09,-
"Dalmia Bharat",21112,YES,15.98,46.08,35.65,27.99,26.08,-
"DB Realty",20665,,-15.27,3.71,-3.93,-4.34,-15.05,-21.62
"DCB Bank",7306,YES,21.19,21.01,22.44,22.49,23.26,-
"DCM Shriram",855,,0.23,1.27,-2.18,1.15,2.82,-
"Deccan Cements",892,YES,-2.83,13.03,13.52,2.95,1.93,-
"Deepak Fertilisers  and  Petrochemicals Corpn.",899,,-4.92,4.11,1.68,11.13,11.21,-
"Deepak Nitrite",900,,-0.58,1.31,73.90,58.28,-,-
"Delta Corp",275,YES,20.27,22.28,-7.98,0.87,4.01,-
"Dewan Housing Finance Corpn.",923,YES,23.44,22.86,44.50,46.57,56.18,53.64
"Dhanuka Agritech",934,,5.60,5.96,6.13,10.81,10.89,10.29
"Dilip Buildcon",23477,YES,23.51,38.68,30.42,28.51,34.91,51.58
"Dish TV India",17182,,-1.99,5.49,5.78,8.40,8.38,-
"Dishman Carbogen Amcis",23756,,-,-,-,-,-,-
"Divi's Laboratories",7301,YES,6.85,14.46,16.72,17.26,16.61,20.63
DLF,16884,,-15.63,4.62,-2.98,-0.43,-2.65,-
"Dr. Lal Pathlabs",23201,YES,15.37,18.09,18.34,19.83,22.19,-
"Dr. Reddy's Laboratories",981,,-9.43,-3.09,1.88,4.51,7.63,-
"Dredging Corpn. Of India",985,,-11.96,-10.21,-8.11,-1.54,3.35,-
"eClerx Services",18075,YES,0.52,18.05,16.82,19.36,22.36,-
"Edelweiss Financial Services",17472,YES,24.13,30.76,34.78,31.43,30.65,-
"EID-Parry (India)",1005,,-6.21,1.70,5.98,6.08,2.92,-
"Engineers India",1081,,-6.72,-7.69,-7.87,-11.40,-16.16,-7.99
"Elgi Equipments",1053,,-2.11,2.09,0.51,4.42,6.49,-
Emami,1539,Explore,4.64,3.73,10.88,10.14,11.36,-
"Emkay Global Financial Services",16605,,9.53,-2.06,8.98,3.37,0.23,-
"Endurance Technologies",23561,,6.77,6.58,9.86,10.21,8.04,-
"EPC Industrie",1011,,-1.19,8.62,4.55,5.40,9.76,-
"Equitas Holdings",20604,YES,42.21,44.96,48.71,53.94,51.59,-
"Eros International Media",21007,,-11.05,0.17,8.13,7.46,8.31,-
Escorts,1095,,17.00,1.13,-13.39,1.08,0.54,3.74
"Eveready Industries (India)",1120,,2.66,3.22,5.56,6.95,4.08,3.87
"Exide Industries",1126,Explore,18.00,4.66,8.79,15.26,16.20,15.23
FDC,1130,,2.98,6.68,6.22,6.76,7.56,6.24
"Federal Bank",1140,Explore,14.27,8.60,8.66,9.31,10.05,13.69
"Federal Mogul Goetze (India)",1316,,-0.94,-8.50,4.74,2.59,2.64,5.71
"Finolex Cables",1158,,3.63,-,-,-,-,-
"Finolex Industries",1159,,4.50,-,-,-,-,-
"Fortis Healthcare (India)",17265,,8.84,8.02,9.01,-6.53,8.44,-
"Future Lifestyle Fashion",22107,,-,-,-,-,-,-
"Future Retail",23379,YES,147.11,203.05,97.01,83.69,77.52,-
"Gabriel India",1230,,6.50,2.94,5.90,6.13,6.21,-
"GAIL (India)",1263,,-6.11,-10.32,-7.62,-1.21,1.98,5.60
Gati,6660,,1.33,1.24,14.77,7.22,5.74,-
"Gayatri Projects",6741,,8.46,1.48,-5.16,-6.46,6.79,4.71
"GE T and D India",6285,Explore,21.33,5.95,5.54,7.25,0.18,-
"General Insurance Corporation of India",23934,,-,-,-,-,-,-
"Geojit Financial Services",4796,,12.43,-3.21,9.55,3.92,3.52,-
GHCL,1395,,11.12,8.79,7.82,5.51,7.31,9.80
"Gillette India",1708,,-5.77,-7.66,1.27,4.69,6.92,-
"Glaxosmithkline Consumer Healthcare",3700,,-4.16,-3.36,-5.89,6.40,8.22,-
"Glenmark Pharmaceuticals",6194,YES,20.25,16.76,15.24,16.32,17.68,-
"Gujarat Mineral Devp. Corpn.",1409,Explore,28.82,4.10,6.36,-1.57,0.16,2.71
"Gujarat Narmada Valley Fertilizers  and  Chemicals",1412,,0.19,0.64,-,-,-,-
"Godfrey Phillips India",1313,,-1.68,-5.72,-2.42,2.28,3.71,5.89
"Godrej Consumer Products",6734,Explore,9.82,5.67,6.82,9.56,13.69,-
"Godrej Industries",1315,,11.48,-4.45,1.95,5.02,8.39,-
"Godrej Properties",5917,Explore,-24.14,-5.83,10.73,13.01,15.82,-
"Goodyear India",1337,,-12.64,-2.12,-1.17,0.66,0.21,-
"Granules India",7381,Explore,4.23,4.64,8.89,16.68,16.73,-
"Graphite India",1352,,-1.74,-5.64,-8.87,-5.97,-4.44,0.83
"Grasim Industries",1353,,5.31,5.12,7.38,6.73,7.33,-
"Grauer  and  Weil (India)",1355,,3.83,3.04,4.53,7.05,5.75,7.77
"Great Eastern Shipping Company",1357,,-8.30,-1.05,2.83,1.70,2.36,-
"Greaves Cotton",1359,,1.22,-1.10,-1.53,-3.24,-1.26,4.48
"Greenply Industries",1363,,1.01,3.31,-9.05,-5.00,-0.49,4.77
"Grindwell Norton",1368,,10.32,5.91,9.75,7.79,7.10,-
"Gruh Finance",1372,,-100.00,-100.00,-,-,-,-
"Gujarat State Fertilizers  and  Chemicals",1429,,-13.81,-0.97,-1.32,11.73,12.59,12.18
"Gujarat State Petronet",16522,,6.47,-0.61,-0.04,-2.80,-1.15,0.25
"Gujarat Fluorochemicals",1393,Explore,-9.91,8.68,22.37,18.98,17.37,-
"Gujarat Gas",22210,,-16.77,-25.05,-,-,-,-
"Gujarat Industries Power Co.",1399,,-0.49,4.80,-0.62,-0.86,-,-
"Gujarat Pipavav Port",6211,,3.53,-,-,-,-,-
"Hatsun Agro Products",1504,YES,21.92,19.61,18.87,18.00,21.22,-
"Havells India",1505,,-15.98,-13.37,-7.70,-2.90,-0.28,2.32
"HCL Infosystems",1457,,2.29,-21.39,-21.26,-19.74,-18.65,-
"HCL Technologies",6105,YES,51.99,13.37,14.01,17.02,18.25,-
"Housing Development Finance Corpn.",1611,YES,14.70,12.36,14.39,14.14,15.05,-
"HDFC Bank",1459,YES,15.83,19.61,19.21,18.98,20.30,23.21
"HDFC Standard Life Insurance Company",24028,,-,-,-,-,-,-
"Housing Development  and  Infrastructure",17466,,-36.43,-16.33,-7.36,-8.15,-18.08,-
HEG,1460,,-1.08,-16.63,-16.47,-14.66,-9.65,-4.45
"Heidelberg Cement India",2554,Explore,4.21,-8.02,10.70,18.39,11.73,-
"Heritage Foods",1516,YES,10.96,12.85,15.32,13.33,13.65,-
"Hero Motocorp",1518,,0.82,1.74,4.09,-,-,-
"Hexaware Technologies",250,YES,13.90,17.09,15.42,15.73,18.30,-
"Himatsingka Seide",1540,,12.75,4.67,1.91,6.09,8.49,-
"Hindalco Industries",1549,,1.01,-2.04,4.26,5.60,4.26,5.67
"Hindustan Media Ventures",20900,,4.75,-,-,-,-,-
"Hindustan Petroleum Corpn.",1578,,5.52,-7.18,-7.11,-3.47,0.27,5.09
"Hindustan Unilever",1572,,2.73,1.64,4.08,5.12,7.25,8.77
"Hindustan Zinc",1585,YES,16.71,8.93,10.64,9.67,10.44,-
"Honeywell Automation India",4039,YES,10.57,0.52,12.42,10.04,8.51,-
"Housing  and  Urban Development Corpn.",6452,,1.59,2.80,-,-,-,-
HSIL,1581,,4.48,2.45,3.80,4.22,7.25,11.24
"ICICI Bank",1622,YES,11.84,12.11,12.54,11.18,11.21,10.71
"ICICI Lombard General Insurance Comapny",23472,,-,-,-,-,-,-
"ICICI Prudential Life Insurance Company",23527,,-100.00,-,-,-,-,-
ICRA,5851,,-2.88,0.97,5.77,7.35,9.35,-
"IDFC Bank",23138,,-,-,-,-,-,-
"IIFL Holdings",6324,YES,24.35,17.59,20.20,16.61,21.17,-
"India Cements",1668,,5.77,7.56,4.77,3.20,4.78,8.19
"Indiabulls Housing Finance",20721,YES,26.83,27.01,25.73,25.20,-,-
"Indiabulls Real Estate",17108,Explore,-8.15,1.95,16.47,20.56,13.85,-
"Indiabulls Ventures",18170,YES,24.41,11.50,18.17,24.96,19.97,-
"Indian Oil Corpn.",1699,,3.16,-11.11,-9.90,-6.23,-2.71,2.35
"Indo Count Inds.",1721,YES,7.08,12.65,14.71,16.75,22.88,20.65
"Indraprastha Gas",15728,,4.06,1.99,-,-,-,-
"Indusind Bank",1751,Explore,22.47,-,-,-,-,-
"Infibeam Incorporation",23319,YES,33.65,24.49,29.85,31.61,28.79,-
"Info Edge (India)",17003,Explore,-18.55,8.87,16.66,17.19,17.84,18.75
Infosys,1764,YES,9.07,12.30,10.67,13.77,14.96,-
"INOX Leisure",16526,,5.26,9.53,23.50,34.48,-,-
"Inox Wind",22767,YES,-22.64,12.68,30.46,34.67,-,-
"Interglobe Aviation",23164,,-,-,-,-,-,-
"Ipca Laboratories",1807,,10.42,0.12,-1.24,3.06,5.96,8.33
"IRB Infrastructure Developers",18358,YES,13.59,22.74,15.71,11.79,12.87,-
ITC,1642,Explore,9.42,5.32,7.09,9.62,10.29,11.57
"ITD Cementation India",5958,YES,1.15,33.97,24.97,19.49,17.73,-
"J Kumar Infraprojects",18186,,5.04,-,-,-,-,-
"Jagran Prakashan",15765,Explore,8.97,13.57,9.60,8.91,10.64,-
"Jain Irrigation Systems",1860,,7.48,5.02,5.16,7.64,6.63,-
"JB Chemicals  and  Pharmaceuticals",1820,YES,10.39,10.96,10.31,12.30,11.35,7.98
"JBF Industries",1821,,1.32,0.60,1.61,4.75,4.33,5.65
"JBM Auto",6907,Explore,18.17,7.41,9.56,11.27,13.10,-
"Jet Airways India",6708,,3.33,3.12,5.77,4.33,6.16,7.99
"Jindal Steel  and  Power",6170,,13.75,3.62,2.74,1.48,2.78,-
"JK Cement",16006,,7.23,9.04,13.08,8.56,9.66,11.64
"JK Lakshmi Cement",1832,YES,12.52,14.02,13.19,9.61,11.33,14.40
"JK Tyre  and  Industries",1834,,12.02,2.37,0.37,2.60,2.70,-
"JM Financial",1843,YES,40.04,29.67,32.83,22.66,21.97,-
"Johnson Controls - Hitachi Air Conditioning India",196,YES,20.40,11.86,21.38,20.70,19.87,-
"JSW Energy",20597,,-15.70,-6.04,-1.61,-1.86,6.25,-
"JSW Steel",1922,Explore,32.19,2.35,2.81,9.86,10.11,-
"Jubilant FoodWorks",20629,YES,6.07,11.22,14.17,16.26,20.45,25.02
"Jubilant Life Sciences",4293,,2.15,0.15,0.36,3.17,6.31,-
"Just Dial",22074,YES,7.75,12.28,17.14,30.59,33.51,34.72
"Jyothy Laboratories",18071,Explore,5.39,5.39,8.34,11.12,12.60,-
"Kajaria Ceramics",1971,Explore,5.82,8.12,11.75,12.76,14.30,-
"Kalpataru Power Transmission",1979,,4.42,2.21,1.99,5.36,7.18,9.38
"Kalyani Steels",1986,YES,20.61,20.29,-,-,-,-
"Kama Holdings",6894,,5.71,3.21,6.70,17.22,225.18,173.58
"Kansai Nerolac Paints",1335,Explore,9.39,7.25,9.02,9.54,23.83,19.50
"Karnataka Bank",4962,Explore,8.30,7.31,8.49,9.55,11.70,-
"Karur Vysya Bank",4967,,4.14,3.52,4.08,8.07,12.08,-
"Kaveri Seed Company",17700,,-2.45,-20.73,-10.19,0.77,-,-
"KEC International",16548,,1.06,0.15,2.94,5.36,7.95,-
"Kei Industries",2046,YES,14.18,15.26,-,-,-,-
"Kewal Kiran Clothing",16600,,12.41,-,-,-,-,-
"Kirloskar Oil Engines",21091,,8.28,-,-,-,-,-
"Kirloskar Pneumatic Co.",2099,,4.96,9.95,1.89,-0.27,-3.94,-
"Kitex Garments",2102,,-3.13,-,-,-,-,-
"KNR Constructions",18249,YES,38.70,34.63,23.34,21.58,13.58,8.33
"Kohinoor Foods",3481,,-9.75,-6.30,-6.10,-0.96,-3.62,2.33
"Kolte Patil Developers",18063,YES,26.43,17.25,7.71,6.25,30.26,-
"Kotak Mahindra Bank",2118,YES,21.23,25.81,25.32,20.82,21.16,-
"Kothari Products",2123,,-7.63,-2.22,3.33,5.80,9.95,25.27
"KPIT Technologies",5971,,3.74,5.61,7.36,10.55,17.39,-
"KPR Mills",17606,Explore,8.37,4.79,5.79,14.23,17.45,-
KRBL,2075,,-7.73,-0.69,2.60,10.86,13.99,-
Kwality,2157,Explore,7.96,8.12,11.14,15.05,23.30,27.43
"L and T Finance Holdings",21427,YES,14.74,15.96,17.85,20.58,23.31,-
"Larsen  and  Toubro Infotech",23456,YES,10.78,14.81,10.56,14.58,15.74,-
"Lakshmi Machine Works",2182,,-13.53,-4.34,-1.10,3.14,-0.18,3.72
"Larsen  and  Toubro",2192,Explore,8.59,9.10,8.74,9.97,11.19,-
"Laurus Labs",23623,YES,8.76,19.35,18.37,-,-,-
"LG Balakrishnan  and  Bros.",2159,,6.79,4.83,5.07,7.69,7.15,10.30
"Liberty Shoes",2211,,9.77,-2.71,1.03,8.35,6.89,8.19
"LIC Housing Finance",2160,YES,12.92,14.08,14.70,16.16,17.77,19.41
"LT Foods",17056,YES,11.49,9.32,10.05,10.47,18.27,-
"Lumax Auto Technologies",17083,YES,12.69,10.53,10.28,7.49,6.36,-
Lupin,2240,YES,21.88,16.31,15.57,16.15,19.92,-
"Lux Industries",23211,,3.32,3.43,3.74,8.88,12.18,-
"Mahindra  and  Mahindra Financial Services",5039,Explore,9.14,9.00,10.75,15.03,19.58,-
"Magma Fincorp",6456,,-4.46,0.09,4.85,10.55,18.87,-
"Mahanagar Gas",23409,,-1.83,-1.15,2.82,7.79,9.45,-
"Maharashtra Seamless",2313,Explore,36.30,2.81,5.87,-4.29,-8.67,-
"Maharashtra Seamless",2313,Explore,36.30,2.81,5.87,-4.29,-8.67,-
"Mahindra  and  Mahindra",2321,,10.66,8.34,4.29,5.17,7.17,-
"Mahindra Holidays  and  Resorts India",20333,YES,43.21,66.86,40.64,32.74,28.88,27.16
"Manappuram Finance",7106,YES,43.76,30.77,17.31,112.89,111.48,-
"Manpasand Beverages",22975,YES,35.67,41.33,34.70,31.50,52.88,-
Marico,2370,,-1.58,1.90,8.23,6.74,8.43,-
"Marksans Pharma",3996,,-13.25,-1.43,7.24,15.42,17.06,-
"Maruti Suzuki India",6442,YES,19.19,16.72,15.86,11.76,13.77,11.01
"Max Financial Services",2390,Explore,30.20,1.24,9.28,9.46,12.19,11.60
"Mayur Uniquoters",2401,,-2.39,-,-,-,-,-
"Meghmani Organics",17388,,5.72,4.52,5.77,7.57,5.95,-
Mercator,2426,,-16.66,-14.49,-13.30,-11.83,-9.61,-
Merck,6867,,6.00,7.22,7.60,9.59,10.46,-
"Minda Industries",15853,YES,38.47,25.00,26.43,27.03,24.10,-
MindTree,17165,YES,11.24,20.48,19.75,21.90,22.05,-
"Mirza International",2466,,-,-,-,-,-,-
"MM Forgings",2254,,-3.55,-1.52,5.84,7.87,6.92,-
Moil,21084,Explore,36.57,2.73,-,-,-,-
"Monsanto India",2506,Explore,17.06,6.08,3.15,9.25,10.96,-
"Motherson Sumi Systems",2519,YES,14.45,10.30,11.53,13.57,23.37,-
"Motilal Oswal Financial Services",17686,YES,67.18,53.00,56.89,39.85,30.87,-
Mphasis,6481,,0.53,2.67,32.87,1.10,2.22,-
MRF,2261,,-32.97,1.29,3.84,3.45,7.05,10.63
"Muthoot Finance",16822,YES,20.19,17.02,-,-,-,-
"Nandan Denim",16002,Explore,5.41,5.08,10.87,14.61,16.33,-
"Narayana Hrudayalaya",23212,YES,16.67,17.74,19.39,22.14,23.54,-
"Natco Pharma",2613,YES,76.69,55.60,39.11,31.86,30.72,-
"National Aluminium Co.",2617,,7.13,-0.65,-,-,-,-
"Nava Bharat Ventures",2636,,-14.16,-13.01,-7.18,4.54,4.48,-
"Navin Fluorine International",15717,YES,10.52,11.94,14.60,8.37,-0.56,9.91
"Navkar Corporation",23111,,3.67,7.73,1.23,3.24,7.38,-
"NBCC India",21650,YES,8.22,19.13,15.35,-,-,-
NCC,2583,,-4.73,-2.27,6.69,6.86,6.35,6.67
"NCL Industries",2561,YES,15.75,20.00,23.41,16.50,9.21,-
"Nestle India",2654,,13.13,-2.90,0.68,2.88,4.44,-
NHPC,5107,,5.12,1.47,4.71,6.77,3.90,6.97
"NIIT Technologies",15854,,4.38,8.80,6.60,8.46,11.98,-
Nilkamal,2676,,5.06,3.32,5.12,4.41,5.95,7.39
NOCIL,2622,,4.59,1.97,7.39,10.64,8.28,8.59
"NRB Bearings",2576,,8.46,4.40,6.41,5.14,5.47,7.26
"National Thermal Power Corp.",5109,,12.18,0.24,0.71,2.63,3.82,5.19
"Nucleus Software Exports",2709,,7.31,2.08,2.74,6.40,5.89,-
"Oberoi Realty",21033,,-21.51,9.51,10.70,0.32,3.74,-
"OCL India",2718,YES,10.37,16.18,16.57,13.57,30.23,30.95
Omaxe,16821,,17.07,7.26,0.65,-5.34,-2.07,-
"Oil  and  Natural Gas Corpn.",2730,,5.03,0.63,-2.34,0.21,2.18,2.62
"Oracle Financial Services Software",6608,,6.02,3.13,1.53,3.88,5.18,-
"Procter  and  Gamble Hygiene & Health Care",3042,,1.54,-0.21,4.03,8.15,12.21,-
"Page Industries",17174,YES,19.33,17.84,21.74,24.94,25.15,-
"PC Jeweller",21888,YES,16.57,15.54,16.85,20.70,22.88,-
"Pennar Industries",2900,YES,17.73,10.28,11.00,8.35,3.94,-
"Persistent Systems",20707,YES,23.38,22.23,20.49,22.45,23.53,-
"Petronet LNG",15766,,-8.58,-20.79,-,-,-,-
Pfizer,2916,Explore,-1.52,3.63,19.18,15.69,11.76,-
"Phillips Carbon Black",2924,,1.69,-11.07,-5.12,-3.81,-2.22,2.26
"Phoenix Mills",2928,,3.40,5.41,7.96,37.61,33.64,-
"PI Industries",2806,Explore,8.52,4.01,9.19,16.53,19.18,19.31
"Pidilite Industries",2933,Explore,5.33,8.24,9.80,11.19,12.57,-
"Piramal Enterprises",2667,YES,32.52,27.47,22.71,23.83,27.13,-
"PNB Housing Finance",15760,Explore,44.81,-,-,-,-,-
"PNC Infratech",22918,YES,-19.87,10.64,18.71,15.03,12.37,12.30
"PNC Infratech",22918,YES,-19.87,10.64,18.71,15.03,12.37,12.30
"Poly Medicure",2963,YES,10.91,8.19,12.99,15.73,16.47,17.93
"Power Grid Corpn. Of India",5191,YES,25.19,19.76,17.14,15.61,17.23,18.73
"Prabhat Dairy",23127,YES,20.70,18.53,18.05,21.76,23.87,-
"Praj Industries",2982,,-23.96,-10.30,-4.42,-3.95,-3.59,-
"Prestige Estates Projects",21040,YES,-16.38,17.55,22.47,24.69,34.94,-
"PTC India",15771,Explore,14.06,5.49,8.51,13.91,13.85,8.98
PVR,16471,YES,13.93,21.20,17.05,27.81,32.65,-
"Quess Corp",23411,YES,21.15,27.31,60.56,42.77,45.52,-
"Radico Khaitan",15666,,0.54,-,-,-,-,-
"Rain Industries",3039,,-8.35,-11.37,-7.18,14.83,10.76,-
"Rajesh Exports",3159,YES,46.58,119.07,102.42,66.88,-,-
"Rallis India",3177,,9.57,-3.74,-1.20,3.51,5.65,-
"Ramkrishna Forgings",15811,,-1.86,8.30,23.83,25.91,-,-
"Rane Holdings",3197,YES,24.60,16.47,15.89,11.48,9.99,-
"Ratnamani Metals  and  Tubes",3220,,-17.84,-8.80,-,-,-,-
Raymond,3232,,3.77,0.40,5.80,7.18,7.99,-
"RBL Bank",21457,,-,-,-,-,-,-
"Redington India",15683,YES,16.00,14.09,13.68,14.20,14.17,-
"Relaxo Footwears",3247,Explore,1.65,8.50,12.81,14.60,15.03,-
"Reliance Capital",3249,YES,76.35,40.53,32.89,24.03,21.79,-
"Reliance Naval and Engineering",17433,Explore,64.04,-17.98,-37.35,-29.73,-19.55,-6.48
"Reliance Industries",3252,,9.88,-9.46,-10.79,-6.10,-2.90,-
"Religare Enterprises",17944,,-14.69,-4.23,3.43,2.45,3.51,6.98
"Repco Home Finance",21999,YES,18.60,22.87,-,-,-,-
"Rico Auto Inds.",3272,,6.97,-11.34,-10.16,-8.37,-6.45,-
"Sadbhav Engineering",16530,YES,12.62,15.46,18.99,20.63,9.97,12.02
"Sanofi India",6796,Explore,7.98,9.73,9.56,10.79,13.31,-
"Sasken Technologies",16034,,-0.99,4.83,0.33,0.10,-1.98,-
"Savita Oil Technologies",3488,,1.02,-9.84,-10.35,-6.93,-4.70,-
"SBI Life Insurance Company",23887,,-,-,-,-,-,-
"Schaeffler India",1128,,5.70,6.06,9.13,5.99,7.04,-
"Security and Intelligence Services (India)",23830,,18.88,-,-,-,-,-
"Shakti Pumps (India)",3531,YES,58.10,18.36,12.61,18.97,17.52,-
"Shalimar Paints",3532,,-8.20,-7.63,-8.80,-7.26,-5.27,-1.55
"Shankara Building Products",23702,Explore,13.44,8.03,6.22,6.93,10.32,-
"Sharda Cropchem",22558,YES,13.41,13.94,19.79,15.65,17.96,-
"Sharda Motor Industries",22065,YES,12.66,18.35,14.63,15.53,-,-
"Shipping Corpn. Of India",3571,,-14.87,-12.65,-,-,-,-
"Shree Cement",3589,YES,41.37,15.33,13.31,11.26,78.94,72.23
"Shriram City Union Finance",5372,YES,17.15,14.17,12.81,11.02,18.02,23.56
"Shriram Transport Finance Co.",3640,Explore,5.24,8.99,8.74,11.66,12.03,12.14
"Sical Logistics",3733,,18.31,3.89,2.51,4.82,3.44,-
Siemens,3656,,2.56,1.00,-3.57,2.90,3.16,1.66
SJVN,20785,,2.93,-2.22,13.90,11.72,-,-
"SKF India",3349,,-12.27,4.44,5.15,4.32,1.78,-
"SML Isuzu",3973,YES,17.10,11.01,15.72,7.95,5.67,-
"SNL Bearings",3639,YES,11.51,12.13,12.67,9.95,10.41,-
Sobha,16913,,14.67,-3.90,1.26,4.94,9.90,-
"Solar Industries India",16554,,8.86,8.24,11.67,8.82,9.96,-
"Somany Ceramics",3364,Explore,6.13,8.51,12.93,14.66,15.71,16.75
"Sonata Software",5951,YES,29.10,22.44,17.56,18.12,10.13,-
Spicejet,6850,Explore,20.29,-,-,-,-,-
Sreeleathers,22062,YES,21.88,20.98,20.15,16.59,17.73,-
"SREI Infrastructure Finance",3366,YES,43.25,18.09,12.86,9.88,13.89,-
SRF,3367,,5.94,3.11,6.60,6.36,3.96,-
"State Bank of India",3820,Explore,9.21,7.74,9.58,10.47,11.04,-
"Sterlite Technologies",6541,,11.99,-11.47,-1.49,-5.56,-1.37,-
"Strides Shasun",6185,YES,30.56,77.07,40.31,40.40,8.44,-
"Sudarshan Chemical Inds.",3870,YES,8.55,11.54,11.24,15.10,13.95,13.38
"Sun Pharmaceutical Inds.",3887,YES,12.42,7.41,24.71,28.88,30.60,-
"Sun TV Network",16602,,10.02,6.88,7.24,9.32,8.14,5.54
"Sundaram Finance",5433,YES,11.80,14.51,10.95,11.01,13.14,14.71
"Sundram Fasteners",3894,,-0.33,2.07,5.88,5.27,3.37,6.24
"Sunteck Realty",7639,YES,267.60,74.09,0.78,109.17,99.53,-
"Suprajit Engineering",5628,YES,27.90,41.77,31.15,27.65,23.73,23.35
"Supreme Industries",3929,Explore,50.79,2.45,4.05,7.03,8.79,-
"Sutlej Textiles  and  Industries",17055,,8.51,9.19,5.98,7.39,7.83,-
"Suven Life Sciences",3963,,8.76,3.27,-,-,-,-
"Suzlon Energy",16048,Explore,36.93,-19.02,-13.79,-8.92,-9.39,-
"Swaraj Engines",3972,YES,26.16,10.92,3.01,8.46,8.22,-
Symphony,3989,YES,73.93,20.41,13.95,19.73,20.47,18.13
"Syngene International",23050,YES,16.28,21.87,22.30,23.63,25.36,-
"Take Solutions",17604,YES,28.66,35.29,18.06,12.68,13.47,-
"Talwalkars Better Value Fitness",20779,YES,10.99,12.47,15.01,17.14,18.83,-
"Tata Chemicals",4033,,-12.78,-6.66,-1.99,-0.06,1.50,-
"Tata Coffee",6533,,3.69,-2.17,-1.21,-1.19,0.91,-
"Tata Communications",4348,,8.70,0.49,4.71,4.16,7.45,-
"Tata Consultancy Services",15850,YES,9.36,11.73,13.55,17.47,19.67,-
"Tata Elxsi",4036,YES,14.93,20.54,15.44,19.59,18.59,-
"Tata Global Beverages",4050,,2.14,-7.80,-4.26,-1.99,0.38,-
"Tata Investment Corpn.",4042,,8.07,8.40,6.89,7.62,-,-
"Tata Metaliks",4044,,1.56,13.38,6.53,12.82,4.01,-
"Tata Motors",4037,,-0.99,1.35,4.85,9.36,10.22,-
"Tata Power Co.",4047,,-4.78,-9.03,-7.15,-3.75,1.66,-
"Tata Sponge Iron",4049,,-2.76,-16.14,-10.14,-7.93,-,-
"Tata Steel",4043,,0.68,-9.09,-8.04,-3.78,-2.92,-
"TeamLease Services",23240,YES,21.49,23.22,25.85,24.84,26.82,-
"Tech Mahindra",16800,YES,12.00,14.56,16.17,44.68,40.18,-
"Techno Electric  and  Engg. Co.",4060,YES,21.18,31.41,24.96,18.18,10.79,-
"The New India Assurance Co.",24023,,-,-,-,-,-,-
"The Ramco Cements",2285,,9.55,3.50,2.26,-,-,-
"The Ramco Cements",2285,,9.55,3.50,2.26,-,-,-
Thermax,4090,,-12.72,-7.97,-3.85,-4.71,-5.73,-
"Thomas Cook (India)",4094,YES,41.01,62.54,88.52,110.70,84.10,-
"Thyrocare Technologies",23353,YES,27.63,28.58,-,-,-,-
"Tide Water Oil Co. (India)",5492,,16.80,5.32,5.47,6.29,7.50,-
"Timken India",4052,,0.89,6.79,13.39,11.32,4.60,-
"Tinplate Co. Of India",4102,,-0.49,-4.85,-7.78,-1.36,5.65,-
"Titan Company",4114,,14.73,4.35,5.71,6.28,7.84,-
"Torrent Pharmaceuticals",4126,YES,-12.08,10.95,12.92,16.91,17.21,-
"Torrent Power",17005,,-14.96,-2.57,4.58,5.12,4.85,-
Trent,2176,,17.00,-9.40,-6.87,-3.18,0.33,3.80
Trident,46,YES,28.83,12.61,7.35,9.38,11.79,17.32
"Triveni Turbine",21350,,5.37,6.33,13.71,3.53,4.05,-
"TTK Prestige",4007,,16.92,-,-,-,-,-
"TI Financial Holdings",4170,,-66.44,-47.96,-33.10,-23.40,-16.96,-
"TVS Motor Co.",6421,YES,10.11,10.85,14.51,13.78,11.13,11.51
"TVS Srichakra",4010,,-11.00,-5.07,0.44,3.94,6.14,10.20
UFLEX,1172,,1.78,0.08,1.68,4.51,6.31,-
"Ujjivan Financial Services",22699,,-,-,-,-,-,-
"Ultratech Cement",15812,,1.58,2.66,5.80,4.73,5.83,-
"Unichem Laboratories",4206,YES,13.22,11.89,9.19,8.66,11.50,10.68
UPL,5331,YES,17.01,17.46,15.52,15.97,16.70,-
"Usha Martin",4252,,-3.45,-6.71,-1.33,1.90,3.16,-
"V-Guard Industries",18410,YES,15.76,11.19,12.44,12.23,17.48,-
"VA Tech Wabag",21004,YES,26.16,14.80,12.66,18.51,17.16,-
Vakrangee,4286,YES,25.32,19.90,26.95,26.74,24.16,-
"Vardhman Textiles",2316,,9.24,-2.85,1.55,6.91,6.87,-
"Varun Beverages",23577,,12.94,-,-,-,-,-
Vedanta,3520,Explore,11.65,0.08,4.03,128.80,52.75,-
"Veto Switchgears  and  Cables",21869,YES,35.50,56.56,35.99,33.98,28.41,-
"Vinati Organics",4371,,6.09,-6.96,-1.41,4.97,8.46,-
"VIP Industries",4270,,5.25,10.52,9.57,11.18,8.29,-
"Voltamp Transformers",16857,YES,10.12,10.03,11.38,5.02,2.17,-
Voltas,4414,,6.42,8.53,5.12,2.62,3.36,-
"VRL Logistics",22886,,4.69,3.90,6.42,7.94,9.81,-
"VST Industries",4274,,9.12,7.42,6.26,9.13,6.78,-
"VST Tillers Tractors",4275,,7.86,12.31,3.94,10.10,5.83,-
"Wabco India",18640,YES,12.34,23.99,22.73,21.09,14.74,-
"Websol Energy Systems",4434,Explore,32.20,1.30,6.62,31.06,20.46,-
"Welspun India",4441,YES,11.74,11.57,14.49,16.06,15.51,-
"Whirlpool Of India",4458,YES,14.83,9.76,11.93,9.43,8.49,-
"Wim Plast",4469,,-,-,-,-,-,-
Wipro,4475,,7.41,8.35,8.55,10.52,8.56,-
"Yes Bank",15907,YES,26.93,23.11,20.83,21.25,-,-
"Zee Entertainment Enterprises",4505,YES,10.30,14.11,13.10,14.64,15.79,-
"Zensar Technologies",1196,,2.46,7.14,9.20,9.63,11.04,-
"Zydus Wellness",7997,,7.95,0.53,3.11,3.49,6.02,-
